En Angle,IMU Angle,Diffrence
74.11,64.09,10.02
74.11,64.09,10.02
74.82,65.8,9.02
74.11,67.0395,7.0705
74.11,67.4,6.71
74.11,67.4,6.71
74.11,67.4,6.71
74.11,67.4,6.71
74.11,67.4,6.71
74.11,67.589,6.521
74.11,69.6,4.51
74.11,74.94,-0.83
74.11,74.94,-0.83
74.82,74.94,-0.12
74.11,74.94,-0.83
74.11,74.94,-0.83
74.11,74.745,-0.635
74.11,71.04,3.07
74.82,72.93,1.89
74.11,73.14,0.97
74.11,73.14,0.97
74.11,73.14,0.97
74.11,73.14,0.97
74.11,73.14,0.97
74.11,72.762,1.348
74.82,72.504,2.316
74.11,72.48,1.63
74.82,72.48,2.34
74.11,72.48,1.63
74.11,72.48,1.63
74.82,72.452,2.368
74.11,72.2,1.91
74.11,72.272,1.838
74.82,72.29,2.53
74.82,72.29,2.53
74.11,72.29,1.82
74.11,72.29,1.82
74.82,72.29,2.53
74.82,72.258,2.562
74.11,72.302,1.808
74.11,72.38,1.73
74.82,72.38,2.44
74.82,72.38,2.44
74.82,72.38,2.44
74.82,72.38,2.44
74.82,72.358,2.462
74.82,72.392,2.428
75.52,72.47,3.05
76.23,72.47,3.76
76.94,72.47,4.47
77.64,72.47,5.17
78.35,72.47,5.88
79.05,72.527,6.523
79.76,72.66,7.1
80.47,72.3625,8.1075
81.17,72.31,8.86
82.58,72.31,10.27
83.29,72.31,10.98
83.29,72.31,10.98
83.29,72.31,10.98
83.29,75.18,8.11
82.58,65.7095,16.8705
82.58,60.61,21.97
81.88,60.61,21.27
81.88,60.61,21.27
81.88,60.61,21.27
81.88,60.61,21.27
81.88,60.64,21.24
81.17,48.652,32.518
81.88,34,47.88
81.88,34,47.88
81.88,34,47.88
81.17,34,47.17
81.17,34,47.17
81.17,33.73,47.44
81.17,26.098,55.072
81.88,14.65,67.23
81.17,14.65,66.52
81.17,14.65,66.52
81.17,14.65,66.52
81.17,14.65,66.52
81.17,16.861,64.309
81.17,17.262,63.908
81.88,4.59,77.29
81.17,4.59,76.58
81.17,4.59,76.58
81.17,4.59,76.58
81.17,4.59,76.58
81.17,4.448,76.722
81.17,3.88,77.29
81.17,4.384,76.786
81.17,4.72,76.45
81.17,4.72,76.45
81.17,4.72,76.45
81.88,4.72,77.16
81.17,5.188,75.982
81.17,7.06,74.11
81.17,5.908,75.262
81.17,4.5,76.67
81.17,4.5,76.67
81.17,4.5,76.67
81.88,4.5,77.38
81.88,4.5,77.38
80.47,6.867,73.603
79.05,5.8295,73.2205
76.23,4.24,71.99
73.41,4.24,69.17
69.17,4.24,64.93
65.64,4.24,61.4
61.41,4.24,57.17
57.17,5.776,51.394
53.64,5.946,47.694
49.41,4.02,45.39
45.88,4.02,41.86
43.05,4.02,39.03
39.52,4.02,35.5
36.7,4.02,32.68
33.88,4.005,29.875
31.05,3.9805,27.0695
29.64,3.61,26.03
27.52,3.61,23.91
24.7,3.61,21.09
22.58,3.61,18.97
19.76,3.61,16.15
17.64,3.424,14.216
15.52,3.3,12.22
14.82,2.908,11.912
14.11,2.81,11.3
14.11,2.81,11.3
14.11,2.81,11.3
14.11,2.81,11.3
14.11,2.828,11.282
14.11,2.9,11.21
14.11,2.668,11.442
14.11,2.32,11.79
14.11,2.32,11.79
14.11,2.32,11.79
14.11,2.32,11.79
14.11,2.32,11.79
14.11,1.93,12.18
14.11,1.8,12.31
14.11,1.838,12.272
14.11,1.84,12.27
14.11,1.84,12.27
14.11,1.84,12.27
13.41,1.792,11.618
14.11,1.76,12.35
14.11,1.3925,12.7175
14.11,1.27,12.84
14.11,1.27,12.84
14.11,1.27,12.84
13.41,1.27,12.14
13.41,1.153,12.257
14.11,1.01,13.1
14.11,0.768,13.342
13.41,0.57,12.84
13.41,0.57,12.84
13.41,0.57,12.84
13.41,0.57,12.84
13.41,0.6745,12.7355
14.11,0.76,13.35
14.11,0.254,13.856
13.41,-0.16,13.57
14.11,-0.16,14.27
13.41,-0.16,13.57
14.11,-0.16,14.27
14.11,-0.2635,14.3735
14.11,-0.39,14.5
14.11,-0.4725,14.5825
14.11,-0.54,14.65
14.11,-0.54,14.65
14.11,-0.54,14.65
14.11,-0.54,14.65
14.11,-0.612,14.722
14.11,-0.7,14.81
14.11,-0.821,14.931
14.11,-0.92,15.03
14.11,-0.92,15.03
14.11,-0.92,15.03
14.11,-0.92,15.03
14.11,-1.224,15.334
14.11,-1.3,15.41
14.11,-1.471,15.581
14.11,-1.48,15.59
14.11,-1.48,15.59
14.11,-1.48,15.59
14.11,-1.48,15.59
14.11,-1.727,15.837
14.11,-1.74,15.85
14.11,-2.0155,16.1255
14.11,-2.03,16.14
14.11,-2.03,16.14
14.11,-2.03,16.14
14.11,-1.9925,16.1025
14.11,-1.78,15.89
14.82,-1.78,16.6
14.11,-2.41,16.52
14.11,-2.41,16.52
14.11,-2.41,16.52
14.11,-2.582,16.692
14.11,-3.27,17.38
14.11,-3.216,17.326
14.11,-2.19,16.3
14.11,-2.19,16.3
14.82,-2.19,17.01
14.82,-2.19,17.01
14.11,-3.024,17.134
14.11,-3.58,17.69
14.11,-3.2155,17.3255
14.11,-2.77,16.88
14.11,-2.77,16.88
14.82,-2.77,17.59
14.82,-2.77,17.59
14.11,-2.935,17.045
14.82,-3.1,17.92
14.82,-3.7125,18.5325
14.82,-4.85,19.67
14.82,-4.85,19.67
14.82,-4.85,19.67
14.11,-4.85,18.96
14.82,-5.225,20.045
14.82,-5.35,20.17
14.82,-6.104,20.924
14.82,-6.51,21.33
14.11,-6.51,20.62
14.11,-6.51,20.62
14.82,-6.51,21.33
14.82,-6.735,21.555
14.82,-6.81,21.63
14.82,-7.129,21.949
14.82,-7.39,22.21
14.82,-7.39,22.21
14.82,-7.39,22.21
14.82,-7.39,22.21
14.82,-7.7575,22.5775
14.82,-7.88,22.7
14.82,-8.3255,23.1455
14.82,-8.87,23.69
14.82,-8.87,23.69
14.82,-8.87,23.69
14.82,-8.87,23.69
14.82,-8.92,23.74
14.82,-8.92,23.74
14.82,-9.44,24.26
14.82,-9.72,24.54
14.82,-9.72,24.54
14.82,-9.72,24.54
14.82,-9.684,24.504
14.82,-9.6,24.42
14.82,-9.6,24.42
14.82,-9.888,24.708
14.82,-9.92,24.74
14.82,-9.92,24.74
14.82,-9.92,24.74
14.82,-10.145,24.965
14.82,-10.42,25.24
14.82,-10.3875,25.2075
14.82,-9.77,24.59
15.52,-9.77,25.29
14.82,-9.77,24.59
14.82,-9.77,24.59
14.82,-9.698,24.518
14.11,-9.59,23.7
12.7,-9.5905,22.2905
12,-9.6,21.6
11.29,-9.6,20.89
10.58,-9.6,20.18
9.88,-9.6,19.48
9.17,-9.6,18.77
8.47,-9.6,18.07
7.76,-9.6,17.36
7.76,-9.7105,17.4705
3.52,-9.73,13.25
2.11,-9.73,11.84
2.82,-9.73,12.55
3.52,-9.7475,13.2675
3.52,-9.8,13.32
3.52,-9.8,13.32
3.52,-9.8195,13.3395
3.52,-9.83,13.35
3.52,-9.83,13.35
3.52,-9.83,13.35
3.52,-9.8435,13.3635
3.52,-9.92,13.44
2.82,-9.92,12.74
2.82,-10.046,12.866
2.82,-10.13,12.95
2.82,-10.13,12.95
2.82,-10.13,12.95
2.11,-10.179,12.289
2.11,-10.27,12.38
1.41,-10.27,11.68
0.7,-10.27,10.97
0.7,-10.27,10.97
0.7,-10.27,10.97
0.7,-10.27,10.97
0,-10.396,10.396
0,-10.45,10.45
0,-10.5235,10.5235
0.7,-10.94,11.64
0.7,-10.94,11.64
1.41,-10.94,12.35
1.41,-10.94,12.35
2.11,-10.639,12.749
2.11,-10.51,12.62
2.11,-10.487,12.597
2.11,-10.05,12.16
2.11,-10.05,12.16
2.82,-10.05,12.87
2.82,-10.05,12.87
2.82,-10.065,12.885
3.52,-10.08,13.6
3.52,-10.08,13.6
4.23,-8.79,13.02
4.23,-8.36,12.59
4.23,-8.36,12.59
4.23,-8.36,12.59
4.23,-8.248,12.478
4.23,-8.08,12.31
4.23,-8.08,12.31
4.23,-7.625,11.855
4.23,-7.38,11.61
4.23,-7.38,11.61
4.23,-7.38,11.61
4.23,-7.34,11.57
4.23,-7.18,11.41
4.23,-7.18,11.41
4.23,-7.4205,11.6505
4.94,-7.55,12.49
4.23,-7.55,11.78
4.23,-7.55,11.78
4.94,-7.473,12.413
4.23,-7.41,11.64
4.94,-7.41,12.35
4.94,-7.438,12.378
4.23,-7.45,11.68
4.94,-7.45,12.39
4.94,-7.459,12.399
4.94,-7.63,12.57
4.94,-7.63,12.57
4.94,-7.85,12.79
4.94,-8.51,13.45
4.94,-8.51,13.45
4.94,-8.51,13.45
4.94,-8.51,13.45
4.94,-8.77,13.71
4.94,-8.77,13.71
4.94,-8.782,13.722
4.94,-8.89,13.83
4.94,-8.89,13.83
4.94,-8.89,13.83
4.94,-8.89,13.83
4.23,-8.917,13.147
4.23,-8.92,13.15
4.94,-8.92,13.86
4.94,-8.15,13.09
5.64,-8.15,13.79
7.05,-8.15,15.2
7.76,-8.15,15.91
8.47,-9.6425,18.1125
9.88,-10.14,20.02
10.58,-10.14,20.72
12,-11.3555,23.3555
12,-11.57,23.57
12.7,-11.57,24.27
12.7,-11.572,24.272
13.41,-11.59,25
13.41,-11.59,25
14.11,-11.6405,25.7505
14.82,-12.6,27.42
16.23,-12.6,28.83
16.94,-12.6,29.54
16.94,-12.616,29.556
16.94,-12.76,29.7
16.94,-12.76,29.7
16.94,-12.656,29.596
16.94,-12.24,29.18
16.94,-12.24,29.18
16.94,-12.24,29.18
16.94,-12.3895,29.3295
16.94,-12.47,29.41
16.94,-12.47,29.41
16.94,-11.7645,28.7045
16.94,-11.64,28.58
16.94,-11.64,28.58
16.94,-11.64,28.58
17.64,-12.384,30.024
17.64,-12.57,30.21
17.64,-12.57,30.21
17.64,-13.69,31.33
17.64,-14.17,31.81
17.64,-14.17,31.81
16.94,-14.17,31.11
16.94,-14.422,31.362
16.23,-14.45,30.68
16.23,-14.45,30.68
16.23,-14.538,30.768
16.23,-14.56,30.79
16.23,-14.56,30.79
16.23,-14.56,30.79
16.23,-14.389,30.619
16.23,-14.37,30.6
15.52,-14.405,29.925
16.23,-14.72,30.95
15.52,-14.72,30.24
15.52,-14.72,30.24
15.52,-14.54,30.06
15.52,-13.82,29.34
14.11,-13.82,27.93
12.7,-13.82,26.52
11.29,-12.794,24.084
11.29,-12.74,24.03
10.58,-12.74,23.32
9.88,-12.763,22.643
9.17,-13.2,22.37
8.47,-13.2,21.67
7.05,-13.27,20.32
7.05,-14.6,21.65
4.94,-14.6,19.54
4.23,-14.6,18.83
4.23,-14.309,18.539
4.23,-13.63,17.86
4.23,-13.63,17.86
4.23,-13.1575,17.3875
4.94,-12.28,17.22
6.35,-12.28,18.63
6.35,-12.28,18.63
7.05,-12.943,19.993
7.05,-13.3,20.35
6.35,-13.3,19.65
6.35,-13.52,19.87
6.35,-13.74,20.09
6.35,-13.74,20.09
6.35,-13.74,20.09
6.35,-13.2045,19.5545
6.35,-13.11,19.46
6.35,-13.11,19.46
6.35,-13.407,19.757
6.35,-13.44,19.79
6.35,-13.44,19.79
6.35,-13.59,19.94
6.35,-14.04,20.39
6.35,-14.04,20.39
6.35,-14.04,20.39
6.35,-12.9475,19.2975
7.05,-12.89,19.94
6.35,-12.89,19.24
6.35,-13.5515,19.9015
6.35,-14.78,21.13
6.35,-14.78,21.13
6.35,-14.78,21.13
6.35,-12.84,19.19
6.35,-12.84,19.19
6.35,-12.84,19.19
6.35,-13.183,19.533
6.35,-13.82,20.17
6.35,-13.82,20.17
7.05,-13.82,20.87
7.05,-12.32,19.37
7.05,-12.32,19.37
7.05,-12.32,19.37
7.05,-12.272,19.322
7.76,-12.2,19.96
7.76,-12.2,19.96
7.05,-11.466,18.516
7.05,-8.53,15.58
7.05,-8.53,15.58
7.05,-8.53,15.58
7.76,-8.884,16.644
7.76,-9.12,16.88
7.76,-9.12,16.88
7.76,-9.522,17.282
7.05,-13.14,20.19
7.05,-13.14,20.19
7.05,-13.14,20.19
7.76,-12.92,20.68
7.76,-12.92,20.68
7.76,-12.92,20.68
7.76,-12.276,20.036
7.76,-12,19.76
7.76,-12,19.76
7.05,-12.1855,19.2355
7.05,-12.53,19.58
7.05,-12.53,19.58
7.05,-12.53,19.58
7.05,-12.57,19.62
7.05,-12.58,19.63
7.05,-12.58,19.63
7.05,-12.562,19.612
7.05,-12.52,19.57
7.05,-12.52,19.57
7.05,-12.52,19.57
7.05,-12.7375,19.7875
7.05,-12.81,19.86
7.76,-12.81,20.57
7.76,-12.837,20.597
7.76,-12.9,20.66
7.76,-12.9,20.66
7.76,-12.9,20.66
7.76,-13.3355,21.0955
7.76,-13.57,21.33
7.76,-13.57,21.33
7.76,-13.2935,21.0535
7.76,-12.78,20.54
7.76,-12.78,20.54
7.76,-12.78,20.54
7.76,-12.774,20.534
7.76,-12.77,20.53
7.76,-12.77,20.53
7.76,-13.463,21.223
7.76,-13.54,21.3
7.76,-13.54,21.3
7.05,-13.268,20.318
7.05,-12.18,19.23
7.05,-12.18,19.23
7.05,-12.18,19.23
7.05,-13.8715,20.9215
7.05,-14.17,21.22
7.05,-14.17,21.22
7.05,-13.9275,20.9775
7.05,-13.2,20.25
7.05,-13.2,20.25
7.05,-13.227,20.277
7.76,-13.47,21.23
7.76,-13.47,21.23
7.76,-13.47,21.23
7.76,-13.488,21.248
7.76,-13.53,21.29
7.76,-13.53,21.29
7.76,-13.443,21.203
7.76,-12.95,20.71
7.05,-12.95,20
7.05,-12.95,20
7.05,-13.055,20.105
7.05,-13.37,20.42
7.05,-13.37,20.42
7.05,-13.304,20.354
7.05,-12.71,19.76
7.05,-12.71,19.76
7.76,-12.71,20.47
7.05,-12.749,19.799
7.05,-12.84,19.89
7.76,-12.84,20.6
7.76,-12.9325,20.6925
7.76,-13.21,20.97
7.76,-13.21,20.97
7.76,-13.21,20.97
7.76,-13.678,21.438
7.76,-14.25,22.01
7.76,-14.25,22.01
7.05,-13.9365,20.9865
7.05,-13.68,20.73
7.05,-13.68,20.73
7.05,-13.68,20.73
7.05,-14.408,21.458
7.05,-14.72,21.77
7.76,-14.72,22.48
7.05,-14.6,21.65
7.05,-14.56,21.61
7.05,-14.56,21.61
7.76,-14.56,22.32
7.05,-14.512,21.562
7.05,-14.5,21.55
7.76,-14.5,22.26
7.76,-14.756,22.516
7.76,-14.82,22.58
7.76,-14.82,22.58
7.76,-14.82,22.58
7.76,-15.029,22.789
7.76,-15.04,22.8
7.76,-15.04,22.8
7.76,-14.96,22.72
8.47,-14.96,23.43
8.47,-14.96,23.43
8.47,-14.96,23.43
8.47,-14.5605,23.0305
8.47,-14.49,22.96
8.47,-14.49,22.96
8.47,-14.847,23.317
8.47,-14.91,23.38
8.47,-14.91,23.38
8.47,-14.8395,23.3095
8.47,-14.44,22.91
8.47,-14.112,22.582
8.47,-13.62,22.09
8.47,-13.62,22.09
9.17,-13.62,22.79
8.47,-13.755,22.225
9.17,-14.16,23.33
9.17,-14.16,23.33
9.17,-13.544,22.714
9.88,-12.62,22.5
9.88,-12.62,22.5
9.88,-12.62,22.5
10.58,-12.5925,23.1725
10.58,-12.57,23.15
11.29,-12.57,23.86
12,-11.7705,23.7705
12.7,-11.34,24.04
12.7,-11.34,24.04
12.7,-11.34,24.04
12,-11.703,23.703
12,-12,24
11.29,-12,23.29
11.29,-10.365,21.655
10.58,-9.82,20.4
10.58,-9.82,20.4
9.88,-9.82,19.7
9.17,-9.03,18.2
9.17,-8.24,17.41
8.47,-8.24,16.71
8.47,-7.535,16.005
7.76,-7.3,15.06
7.05,-7.3,14.35
7.05,-7.3,14.35
6.35,-6.3185,12.6685
6.35,-5.79,12.14
6.35,-5.514,11.864
6.35,-4.41,10.76
6.35,-4.41,10.76
6.35,-4.41,10.76
7.05,-4.41,11.46
7.05,-2.241,9.291
7.05,-2,9.05
7.05,-1.4225,8.4725
6.35,0.31,6.04
7.05,0.31,6.74
7.05,0.31,6.74
7.05,0.31,6.74
7.05,0.463,6.587
7.05,0.49,6.56
7.05,0.988,6.062
7.05,3.81,3.24
7.05,3.81,3.24
7.05,3.81,3.24
7.05,3.81,3.24
7.76,5.434,2.326
8.47,6.13,2.34
7.76,6.3655,1.3945
8.47,7.7,0.77
9.17,7.7,1.47
9.88,7.7,2.18
11.29,7.7,3.59
11.29,13.472,-2.182
12.7,16.58,-3.88
13.41,16.58,-3.17
14.11,17.97,-3.86
14.82,17.97,-3.15
15.52,17.97,-2.45
16.23,17.97,-1.74
16.94,20.9205,-3.9805
17.64,26.4,-8.76
19.05,26.4,-7.35
19.05,27.52,-8.47
20.47,27.8,-7.33
20.47,27.8,-7.33
21.17,27.8,-6.63
21.88,31.08,-9.2
21.88,34.36,-12.48
22.58,34.36,-11.78
22.58,32.48,-9.9
23.29,32.48,-9.19
24,32.48,-8.48
25.41,32.48,-7.07
26.11,34.412,-8.302
27.52,35.7,-8.18
28.23,35.635,-7.405
28.94,34.4,-5.46
29.64,34.4,-4.76
29.64,34.4,-4.76
29.64,34.4,-4.76
30.35,38.516,-8.166
31.05,44.69,-13.64
31.05,44.69,-13.64
31.76,44.5455,-12.7855
32.47,44.52,-12.05
33.17,44.52,-11.35
33.88,44.52,-10.64
34.58,46.0845,-11.5045
35.29,54.95,-19.66
36,54.95,-18.95
36,54.986,-18.986
36.7,55.01,-18.31
37.41,55.01,-17.6
38.11,55.01,-16.9
38.82,57.138,-18.318
40.23,61.09,-20.86
40.94,61.09,-20.15
42.35,61.042,-18.692
44.47,61.03,-16.56
45.88,61.03,-15.15
47.29,61.03,-13.74
48,61.413,-13.413
48.7,64.86,-16.16
50.11,64.86,-14.75
50.82,64.8405,-14.0205
52.23,64.83,-12.6
53.64,64.83,-11.19
55.76,64.83,-9.07
57.17,64.83,-7.66
58.58,66.312,-7.732
60.7,67.3,-6.6
62.11,67.3,-5.19
63.52,67.3,-3.78
65.64,67.3,-1.66
67.76,67.3,0.46
69.17,67.3,1.87
70.58,67.644,2.936
72,69.02,2.98
72.7,69.02,3.68
73.41,69.011,4.399
74.11,69.01,5.1
75.52,69.01,6.51
76.23,69.01,7.22
76.94,69.07,7.87
77.64,70.21,7.43
78.35,70.21,8.14
78.35,70.1875,8.1625
78.35,70.18,8.17
79.05,70.18,8.87
79.05,70.18,8.87
79.76,70.18,9.58
80.47,70.7585,9.7115
80.47,71.07,9.4
81.17,71.0875,10.0825
80.47,71.12,9.35
80.47,71.12,9.35
80.47,71.12,9.35
80.47,71.12,9.35
79.76,71.4665,8.2935
79.76,71.75,8.01
79.76,71.738,8.022
79.76,71.73,8.03
79.76,71.73,8.03
79.76,71.73,8.03
79.76,71.73,8.03
79.76,72.055,7.705
79.76,72.23,7.53
79.76,72.246,7.514
79.76,72.27,7.49
79.76,72.27,7.49
79.76,72.27,7.49
79.76,72.27,7.49
79.76,72.3625,7.3975
79.76,72.64,7.12
79.76,72.64,7.12
79.76,72.64,7.12
79.76,72.64,7.12
79.76,72.64,7.12
79.76,72.64,7.12
79.76,72.64,7.12
79.76,72.925,6.835
79.76,72.94,6.82
79.76,72.9175,6.8425
79.76,72.91,6.85
79.76,72.91,6.85
79.76,72.91,6.85
79.76,72.91,6.85
79.76,73.085,6.675
79.76,73.16,6.6
79.76,73.151,6.609
79.76,73.14,6.62
79.76,73.14,6.62
79.76,73.14,6.62
79.76,73.14,6.62
79.76,73.235,6.525
79.76,73.33,6.43
79.76,73.327,6.433
79.76,73.32,6.44
79.76,73.32,6.44
79.76,73.32,6.44
79.76,73.32,6.44
79.76,73.44,6.32
79.76,73.47,6.29
79.76,73.4775,6.2825
79.76,73.48,6.28
79.76,73.48,6.28
79.76,73.48,6.28
79.76,73.48,6.28
79.76,73.536,6.224
79.76,73.62,6.14
79.76,73.615,6.145
79.76,73.61,6.15
79.76,73.61,6.15
79.76,73.61,6.15
79.76,73.61,6.15
79.76,73.66,6.1
79.76,73.86,5.9
79.76,73.86,5.9
79.76,73.86,5.9
79.76,73.86,5.9
79.76,73.86,5.9
79.76,73.86,5.9
79.76,73.86,5.9
79.76,73.924,5.836
79.76,73.94,5.82
79.76,73.94,5.82
79.76,73.94,5.82
79.76,73.94,5.82
79.76,73.94,5.82
79.76,73.94,5.82
79.76,73.955,5.805
79.76,73.99,5.77
79.76,74.005,5.755
79.76,74.02,5.74
79.76,74.02,5.74
79.76,74.02,5.74
79.76,74.02,5.74
79.76,74.0375,5.7225
79.76,74.07,5.69
79.76,74.084,5.676
79.76,74.09,5.67
79.76,74.09,5.67
79.76,74.09,5.67
79.76,74.09,5.67
79.76,74.102,5.658
79.76,74.13,5.63
79.76,74.1235,5.6365
79.76,74.12,5.64
79.76,74.12,5.64
79.76,74.12,5.64
79.76,74.12,5.64
79.76,74.135,5.625
79.76,74.18,5.58
79.76,74.189,5.571
79.76,74.2,5.56
79.76,74.2,5.56
79.76,74.2,5.56
79.76,74.2,5.56
79.76,74.2,5.56
79.76,74.2085,5.5515
79.76,74.21,5.55
79.76,74.21,5.55
79.76,74.21,5.55
79.76,74.21,5.55
79.76,74.21,5.55
79.76,74.21,5.55
79.76,74.2205,5.5395
79.76,74.24,5.52
79.76,74.2335,5.5265
79.76,74.23,5.53
79.76,74.23,5.53
79.76,74.23,5.53
79.76,74.23,5.53
79.76,74.238,5.522
79.76,74.25,5.51
79.76,74.28,5.48
79.76,74.29,5.47
79.76,74.29,5.47
79.76,74.29,5.47
79.76,74.29,5.47
79.76,74.293,5.467
79.76,74.32,5.44
79.76,74.335,5.425
79.76,74.35,5.41
79.76,74.35,5.41
79.76,74.35,5.41
79.76,74.35,5.41
79.76,74.35,5.41
79.76,74.35,5.41
79.76,74.35,5.41
79.76,74.35,5.41
79.76,74.35,5.41
79.76,74.35,5.41
79.76,74.35,5.41
79.76,74.35,5.41
79.76,74.3415,5.4185
79.76,74.343,5.417
79.76,74.35,5.41
79.76,74.35,5.41
79.76,74.35,5.41
79.76,74.35,5.41
79.76,74.35,5.41
79.76,74.354,5.406
79.76,74.36,5.4
79.76,74.36,5.4
79.76,74.36,5.4
79.76,74.36,5.4
79.76,74.36,5.4
79.76,74.36,5.4
79.76,74.354,5.406
79.76,74.34,5.42
79.76,74.349,5.411
79.76,74.35,5.41
79.76,74.35,5.41
79.76,74.35,5.41
79.76,74.35,5.41
79.76,74.35,5.41
79.76,74.3595,5.4005
79.76,74.36,5.4
79.76,74.36,5.4
79.76,74.36,5.4
79.76,74.36,5.4
79.76,74.36,5.4
79.76,74.36,5.4
79.76,74.366,5.394
79.76,74.376,5.384
79.76,74.41,5.35
79.76,74.41,5.35
79.76,74.41,5.35
79.76,74.41,5.35
79.76,74.41,5.35
79.76,74.4115,5.3485
79.76,74.44,5.32
79.76,74.432,5.328
79.76,74.43,5.33
79.76,74.43,5.33
79.76,74.43,5.33
79.76,74.43,5.33
79.76,74.442,5.318
79.76,74.4595,5.3005
79.76,74.45,5.31
79.76,74.45,5.31
79.76,74.45,5.31
79.76,74.45,5.31
79.76,74.45,5.31
79.76,74.452,5.308
79.76,74.4885,5.2715
79.76,74.46,5.3
79.76,74.46,5.3
79.76,74.46,5.3
79.76,74.46,5.3
79.76,74.46,5.3
79.76,74.461,5.299
79.76,74.47,5.29
79.76,74.4775,5.2825
79.76,74.48,5.28
79.76,74.48,5.28
79.76,74.48,5.28
79.76,74.48,5.28
79.76,74.48,5.28
79.76,74.48,5.28
79.76,74.48,5.28
79.76,74.48,5.28
79.76,74.48,5.28
79.76,74.48,5.28
79.76,74.48,5.28
79.76,74.48,5.28
79.76,74.484,5.276
79.76,74.501,5.259
79.76,74.52,5.24
79.76,74.52,5.24
79.76,74.52,5.24
79.76,74.52,5.24
79.76,74.52,5.24
79.76,74.52,5.24
79.76,74.52,5.24
79.76,74.527,5.233
79.76,74.53,5.23
79.76,74.53,5.23
79.76,74.53,5.23
79.76,74.53,5.23
79.76,74.53,5.23
79.76,74.5375,5.2225
79.76,74.5145,5.2455
79.76,74.51,5.25
79.76,74.51,5.25
79.76,74.51,5.25
79.76,74.51,5.25
79.76,74.51,5.25
79.76,74.49,5.27
79.76,74.4645,5.2955
79.76,74.46,5.3
79.76,74.46,5.3
79.76,74.46,5.3
79.76,74.46,5.3
79.76,74.46,5.3
79.76,74.4,5.36
79.76,74.3565,5.4035
79.76,74.37,5.39
79.76,74.37,5.39
79.76,74.37,5.39
79.76,74.37,5.39
79.76,74.37,5.39
79.76,74.29,5.47
79.76,74.096,5.664
79.76,74.6,5.16
79.76,74.6,5.16
79.76,74.6,5.16
79.76,74.6,5.16
79.76,74.6,5.16
79.76,66.417,13.343
79.76,67.12,12.64
79.76,67.12,12.64
79.76,67.12,12.64
79.76,67.12,12.64
79.76,67.12,12.64
79.76,67.12,12.64
79.76,48.881,30.879
79.76,39.2175,40.5425
79.76,39.27,40.49
79.76,39.27,40.49
79.76,39.27,40.49
79.76,39.27,40.49
79.76,39.27,40.49
79.76,22.539,57.221
79.76,22.417,57.343
79.76,22.61,57.15
79.76,22.61,57.15
80.47,22.61,57.86
79.76,22.61,57.15
79.76,22.61,57.15
79.76,16.4225,63.3375
79.76,10.148,69.612
79.76,10.47,69.29
79.76,10.47,69.29
79.76,10.47,69.29
79.76,10.47,69.29
79.76,10.47,69.29
79.76,7.7855,71.9745
79.76,4.1,75.66
79.76,5.4,74.36
79.76,5.4,74.36
79.76,5.4,74.36
79.76,5.4,74.36
79.76,5.4,74.36
79.76,5.4,74.36
79.76,5.597,74.163
79.76,5.61,74.15
79.76,5.61,74.15
79.76,5.61,74.15
79.76,5.61,74.15
79.76,5.61,74.15
79.76,5.61,74.15
79.76,5.05,74.71
79.76,4.763,74.997
79.76,4.88,74.88
79.76,4.88,74.88
79.76,4.88,74.88
79.76,4.88,74.88
79.76,4.88,74.88
79.76,4.215,75.545
79.76,3.734,76.026
79.76,3.78,75.98
79.76,3.78,75.98
79.76,3.78,75.98
79.76,3.78,75.98
79.76,3.78,75.98
79.76,3.7885,75.9715
80.47,3.565,76.905
79.76,2.85,76.91
79.76,2.85,76.91
79.05,2.85,76.2
77.64,2.85,74.79
75.52,2.85,72.67
72,2.85,69.15
68.47,0.663,67.807
64.94,1.4,63.54
60,1.4,58.6
55.76,1.4,54.36
51.52,1.4,50.12
47.29,1.4,45.89
44.47,1.4,43.07
41.64,1.574,40.066
39.52,0.68,38.84
36.7,0.68,36.02
34.58,0.68,33.9
32.47,0.68,31.79
30.35,0.68,29.67
28.94,0.68,28.26
27.52,0.657,26.863
25.41,0.195,25.215
23.29,0.17,23.12
21.88,0.17,21.71
19.76,0.17,19.59
18.35,0.17,18.18
16.94,0.17,16.77
15.52,0.17,15.35
14.11,-0.0865,14.1965
12.7,-0.666,13.366
12.7,-0.68,13.38
12,-0.68,12.68
12,-0.68,12.68
12,-0.68,12.68
12,-0.68,12.68
12,-0.947,12.947
12,-1.75,13.75
12,-1.75,13.75
12,-1.75,13.75
12,-1.75,13.75
12,-1.75,13.75
12,-1.75,13.75
12,-1.21,13.21
12,-2.203,14.203
12,-2.29,14.29
12,-2.29,14.29
12,-2.29,14.29
12,-2.29,14.29
11.29,-2.29,13.58
11.29,-2.575,13.865
11.29,-2.84,14.13
11.29,-2.84,14.13
11.29,-2.84,14.13
11.29,-2.84,14.13
11.29,-2.84,14.13
11.29,-2.84,14.13
11.29,-3.496,14.786
11.29,-3.6,14.89
11.29,-3.6,14.89
10.58,-3.6,14.18
10.58,-3.6,14.18
10.58,-3.6,14.18
10.58,-3.6,14.18
10.58,-3.354,13.934
10.58,-4.14,14.72
10.58,-4.14,14.72
10.58,-4.14,14.72
10.58,-4.14,14.72
10.58,-4.14,14.72
9.88,-4.14,14.02
10.58,-4.3555,14.9355
10.58,-4.65,15.23
10.58,-4.65,15.23
10.58,-4.65,15.23
10.58,-4.65,15.23
10.58,-4.65,15.23
10.58,-4.65,15.23
10.58,-4.962,15.542
10.58,-5.17,15.75
10.58,-5.17,15.75
10.58,-5.17,15.75
10.58,-5.17,15.75
10.58,-5.17,15.75
10.58,-5.17,15.75
10.58,-5.35,15.93
10.58,-5.49,16.07
10.58,-5.49,16.07
10.58,-5.49,16.07
10.58,-5.49,16.07
10.58,-5.49,16.07
10.58,-5.49,16.07
10.58,-5.886,16.466
9.88,-6.1,15.98
10.58,-6.1,16.68
10.58,-6.1,16.68
10.58,-6.1,16.68
9.88,-6.1,15.98
9.88,-6.1,15.98
9.88,-6.367,16.247
9.88,-6.51,16.39
9.88,-6.51,16.39
10.58,-6.51,17.09
9.88,-6.51,16.39
10.58,-6.51,17.09
9.88,-6.469,16.349
9.88,-6.45,16.33
10.58,-6.45,17.03
10.58,-6.45,17.03
10.58,-6.45,17.03
10.58,-6.45,17.03
10.58,-6.45,17.03
10.58,-6.5375,17.1175
9.88,-6.8,16.68
10.58,-6.8,17.38
9.88,-6.8,16.68
10.58,-6.8,17.38
10.58,-6.8,17.38
10.58,-6.8,17.38
9.88,-6.8615,16.7415
9.88,-7.15,17.03
10.58,-7.15,17.73
9.88,-7.15,17.03
9.88,-7.15,17.03
9.88,-7.15,17.03
10.58,-7.15,17.73
9.88,-7.158,17.038
10.58,-7.23,17.81
10.58,-7.23,17.81
9.88,-7.23,17.11
9.88,-7.23,17.11
10.58,-7.23,17.81
9.88,-7.23,17.11
9.88,-7.222,17.102
9.88,-6.78,16.66
10.58,-6.78,17.36
10.58,-6.78,17.36
10.58,-6.78,17.36
10.58,-6.78,17.36
10.58,-6.78,17.36
10.58,-5.9025,16.4825
10.58,-4.14,14.72
10.58,-4.14,14.72
10.58,-4.14,14.72
10.58,-4.14,14.72
10.58,-4.14,14.72
10.58,-4.14,14.72
10.58,-1.474,12.054
10.58,-0.34,10.92
10.58,-0.34,10.92
10.58,-0.34,10.92
10.58,-0.34,10.92
10.58,-0.34,10.92
10.58,-0.34,10.92
11.29,3.383,7.907
11.29,4.74,6.55
11.29,4.74,6.55
11.29,4.74,6.55
11.29,4.74,6.55
11.29,4.74,6.55
12,4.74,7.26
12,13.721,-1.721
12,16.18,-4.18
12,16.18,-4.18
12,16.18,-4.18
12,16.18,-4.18
12,16.18,-4.18
12,16.18,-4.18
12,20.463,-8.463
12,25.71,-13.71
12,25.71,-13.71
12,25.71,-13.71
12.7,25.71,-13.01
12.7,25.71,-13.01
12.7,25.71,-13.01
12.7,23.502,-10.802
12.7,19.26,-6.56
12.7,19.26,-6.56
12.7,19.26,-6.56
12.7,19.26,-6.56
12.7,19.26,-6.56
12.7,19.214,-6.514
13.41,10.617,2.793
13.41,7.11,6.3
13.41,7.11,6.3
13.41,7.11,6.3
13.41,7.11,6.3
13.41,7.11,6.3
14.11,7.11,7
14.11,0.341,13.769
14.82,-4.18,19
15.52,-4.18,19.7
15.52,-4.18,19.7
16.94,-4.18,21.12
16.94,-4.18,21.12
18.35,-4.18,22.53
19.05,-4.7015,23.7515
19.05,-7.81,26.86
20.47,-7.81,28.28
21.17,-7.81,28.98
21.88,-7.81,29.69
22.58,-7.81,30.39
24,-7.81,31.81
24.7,-8.145,32.845
25.41,-7.94,33.35
26.82,-7.94,34.76
27.52,-7.94,35.46
28.94,-7.94,36.88
29.64,-7.94,37.58
31.05,-7.909,38.959
31.76,-7.9895,39.7495
33.17,-8.35,41.52
33.88,-8.35,42.23
35.29,-8.35,43.64
37.41,-8.35,45.76
39.52,-8.35,47.87
41.64,-8.674,50.314
44.47,-8.582,53.052
52.23,-8.48,60.71
53.64,-8.48,62.12
55.05,-8.48,63.53
55.76,-8.48,64.24
56.47,-8.48,64.95
56.47,-8.9835,65.4535
55.76,-8.77,64.53
55.76,-8.77,64.53
55.05,-8.77,63.82
53.64,-8.77,62.41
51.52,-8.77,60.29
49.41,-8.77,58.18
46.58,-10.1395,56.7195
44.47,-8.33,52.8
42.35,-8.33,50.68
39.52,-8.33,47.85
37.41,-8.33,45.74
34.58,-8.33,42.91
32.47,-8.33,40.8
30.35,-8.9625,39.3125
27.52,-8.94,36.46
25.41,-8.94,34.35
22.58,-8.94,31.52
20.47,-8.94,29.41
19.05,-8.94,27.99
16.94,-8.94,25.88
15.52,-9.105,24.625
14.11,-9.107,23.217
12.7,-9.1,21.8
12,-9.1,21.1
11.29,-9.1,20.39
11.29,-9.1,20.39
10.58,-9.1,19.68
10.58,-9.0025,19.5825
10.58,-9.32,19.9
10.58,-9.32,19.9
10.58,-9.32,19.9
11.29,-9.32,20.61
11.29,-9.32,20.61
11.29,-9.295,20.585
11.29,-9.313,20.603
10.58,-9.61,20.19
11.29,-9.61,20.9
10.58,-9.61,20.19
11.29,-9.61,20.9
11.29,-9.61,20.9
11.29,-9.605,20.895
10.58,-9.72,20.3
10.58,-9.86,20.44
10.58,-9.86,20.44
10.58,-9.86,20.44
10.58,-9.86,20.44
11.29,-9.86,21.15
11.29,-9.852,21.142
11.29,-10.027,21.317
11.29,-10.28,21.57
11.29,-10.28,21.57
10.58,-10.28,20.86
11.29,-10.28,21.57
10.58,-10.28,20.86
10.58,-10.2505,20.8305
11.29,-9.9035,21.1935
11.29,-10.3,21.59
10.58,-10.3,20.88
11.29,-10.3,21.59
11.29,-10.3,21.59
11.29,-10.3,21.59
11.29,-10.262,21.552
11.29,-10.002,21.292
11.29,-10.33,21.62
11.29,-10.33,21.62
12,-10.33,22.33
12,-10.33,22.33
12,-10.33,22.33
12,-10.396,22.396
12,-10.881,22.881
12,-11.07,23.07
12,-11.07,23.07
12,-11.07,23.07
12,-11.07,23.07
12,-11.07,23.07
12,-11,23
12.7,-11.17,23.87
12.7,-11.22,23.92
12.7,-11.22,23.92
12.7,-11.22,23.92
12.7,-11.22,23.92
12.7,-11.22,23.92
12,-11.4125,23.4125
12.7,-11.614,24.314
12.7,-11.65,24.35
12.7,-11.65,24.35
13.41,-11.65,25.06
12.7,-11.65,24.35
12.7,-11.65,24.35
12.7,-11.575,24.275
12.7,-11.87,24.57
12.7,-11.95,24.65
12.7,-11.95,24.65
12,-11.95,23.95
12,-11.95,23.95
12,-11.95,23.95
12,-11.936,23.936
12.7,-12.112,24.812
12.7,-12.21,24.91
12.7,-12.21,24.91
12.7,-12.21,24.91
12.7,-12.21,24.91
12.7,-12.21,24.91
12.7,-12.273,24.973
12.7,-12.28,24.98
12.7,-12.28,24.98
12.7,-12.28,24.98
14.11,-12.28,26.39
13.41,-12.28,25.69
13.41,-12.334,25.744
13.41,-12.484,25.894
13.41,-12.5,25.91
13.41,-12.5,25.91
13.41,-12.5,25.91
13.41,-12.5,25.91
13.41,-12.5,25.91
13.41,-12.22,25.63
13.41,-12.444,25.854
13.41,-12.57,25.98
13.41,-12.57,25.98
13.41,-12.57,25.98
13.41,-12.57,25.98
12.7,-12.57,25.27
12.7,-12.66,25.36
12.7,-12.603,25.303
12,-12.6,24.6
12.7,-12.6,25.3
12.7,-12.6,25.3
12,-12.6,24.6
12.7,-12.796,25.496
12.7,-12.9575,25.6575
12.7,-12.56,25.26
12.7,-12.56,25.26
12.7,-12.56,25.26
12.7,-12.56,25.26
12.7,-12.56,25.26
12.7,-12.819,25.519
12.7,-13.025,25.725
12.7,-12.75,25.45
12.7,-12.75,25.45
12,-12.75,24.75
12.7,-12.75,25.45
12,-12.75,24.75
12,-13.277,25.277
12,-13.244,25.244
12,-13.16,25.16
12.7,-13.16,25.86
12.7,-13.16,25.86
12.7,-13.16,25.86
12.7,-13.16,25.86
12.7,-13.112,25.812
12.7,-13.1855,25.8855
12.7,-13.29,25.99
12,-13.29,25.29
12,-13.29,25.29
12,-13.29,25.29
12.7,-13.29,25.99
12.7,-13.16,25.86
12.7,-13.1775,25.8775
12.7,-13.34,26.04
12,-13.34,25.34
12.7,-13.34,26.04
12.7,-13.34,26.04
12.7,-13.34,26.04
12.7,-13.2815,25.9815
12.7,-13.31,26.01
12.7,-13.55,26.25
12.7,-13.55,26.25
12.7,-13.55,26.25
12.7,-13.55,26.25
12.7,-13.4135,26.1135
12.7,-13.16,25.86
12.7,-13.637,26.337
12.7,-13.69,26.39
12.7,-13.69,26.39
12.7,-13.69,26.39
12.7,-13.69,26.39
12.7,-13.6315,26.3315
12.7,-13.609,26.309
12.7,-13.69,26.39
12.7,-13.69,26.39
12.7,-13.69,26.39
12.7,-13.69,26.39
12.7,-13.69,26.39
12.7,-13.734,26.434
12.7,-13.7865,26.4865
12.7,-13.88,26.58
12.7,-13.88,26.58
12.7,-13.88,26.58
12.7,-13.88,26.58
12.7,-13.88,26.58
12.7,-13.95,26.65
12.7,-14.02,26.72
12.7,-13.8925,26.5925
12.7,-13.87,26.57
12.7,-13.87,26.57
12.7,-13.87,26.57
12.7,-13.87,26.57
12.7,-13.894,26.594
12.7,-13.95,26.65
12.7,-13.8225,26.5225
12.7,-13.8,26.5
12.7,-13.8,26.5
12.7,-13.8,26.5
12.7,-13.8,26.5
12.7,-13.925,26.625
12.7,-14.3,27
12.7,-13.7,26.4
12.7,-13.3,26
12.7,-13.3,26
12.7,-13.3,26
12.7,-13.3,26
12.7,-13.0795,25.7795
12.7,-12.53,25.23
12.7,-11.41,24.11
12.7,-11.41,24.11
12.7,-11.41,24.11
12.7,-11.41,24.11
12.7,-11.41,24.11
12.7,-11.311,24.011
12.7,-11.17,23.87
12,-10.78,22.78
12,-10.78,22.78
12,-10.78,22.78
12,-10.78,22.78
12,-10.78,22.78
12,-10.2955,22.2955
12,-10.108,22.108
12,-9.53,21.53
12.7,-9.53,22.23
12,-9.53,21.53
12.7,-9.53,22.23
12.7,-9.53,22.23
12.7,-10.074,22.774
12.7,-10.179,22.879
12.7,-10.23,22.93
12.7,-10.23,22.93
12.7,-10.23,22.93
12.7,-10.23,22.93
12.7,-10.23,22.93
12.7,-9.8775,22.5775
12.7,-9.76,22.46
12.7,-10.21,22.91
12.7,-10.21,22.91
12.7,-10.21,22.91
12.7,-10.21,22.91
12.7,-10.21,22.91
12.7,-10.02,22.72
12.7,-10.03,22.73
12.7,-10.07,22.77
12.7,-10.07,22.77
12.7,-10.07,22.77
13.41,-10.07,23.48
13.41,-10.07,23.48
13.41,-9.29,22.7
13.41,-9.261,22.671
14.11,-9,23.11
14.82,-9,23.82
14.82,-9,23.82
14.82,-9,23.82
14.82,-8.8425,23.6625
14.82,-8.65,23.47
15.52,-8.926,24.446
15.52,-9.11,24.63
16.23,-9.11,25.34
16.94,-9.11,26.05
17.64,-9.11,26.75
18.35,-10.088,28.438
19.05,-10.74,29.79
19.05,-11.027,30.077
19.05,-11.15,30.2
19.05,-11.15,30.2
19.05,-11.15,30.2
19.76,-11.15,30.91
19.76,-11.732,31.492
20.47,-12.12,32.59
21.17,-13.56,34.73
21.88,-13.92,35.8
22.58,-13.92,36.5
23.29,-13.92,37.21
23.29,-13.92,37.21
24,-13.92,37.92
24,-13.92,37.92
23.29,-14.04,37.33
22.58,-14.04,36.62
21.88,-14.04,35.92
20.47,-14.04,34.51
20.47,-14.0195,34.4895
19.76,-13.63,33.39
19.76,-13.5625,33.3225
19.76,-13.18,32.94
20.47,-13.18,33.65
20.47,-13.18,33.65
20.47,-13.18,33.65
20.47,-13.2145,33.6845
20.47,-13.41,33.88
21.17,-13.262,34.432
21.17,-12.67,33.84
21.17,-12.67,33.84
21.17,-12.67,33.84
21.88,-12.67,34.55
21.88,-12.278,34.158
21.88,-11.69,33.57
21.88,-11.978,33.858
22.58,-12.65,35.23
22.58,-12.65,35.23
22.58,-12.65,35.23
22.58,-12.65,35.23
22.58,-11.7545,34.3345
23.29,-10.66,33.95
23.29,-11.4655,34.7555
23.29,-12.45,35.74
23.29,-12.45,35.74
23.29,-12.45,35.74
23.29,-12.45,35.74
22.58,-8.501,31.081
21.88,-5.27,27.15
21.17,-7.16,28.33
19.76,-9.47,29.23
18.35,-9.47,27.82
16.94,-9.47,26.41
16.23,-9.47,25.7
14.82,-12.462,27.282
14.11,-12.99,27.1
13.41,-8.986,22.396
12.7,-7.27,19.97
12,-7.27,19.27
11.29,-7.27,18.56
12,-7.27,19.27
11.29,-8.862,20.152
11.29,-9.26,20.55
11.29,-9.182,20.472
11.29,-9.13,20.42
12,-9.13,21.13
11.29,-9.13,20.42
12,-9.13,21.13
12,-8.383,20.383
12,-8.3,20.3
12.7,-8.8005,21.5005
12,-9.07,21.07
12.7,-9.07,21.77
12.7,-9.07,21.77
12.7,-9.07,21.77
13.41,-8.594,22.004
13.41,-8.51,21.92
13.41,-8.323,21.733
13.41,-8.29,21.7
13.41,-8.29,21.7
14.11,-8.29,22.4
14.11,-7.994,22.104
14.11,-6.81,20.92
14.82,-6.81,21.63
14.82,-7.1755,21.9955
14.82,-7.24,22.06
14.82,-7.24,22.06
14.82,-7.24,22.06
14.82,-3.119,17.939
15.52,-0.9,16.42
15.52,-1.638,17.158
15.52,-2.13,17.65
15.52,-2.13,17.65
15.52,-2.13,17.65
14.82,-2.13,16.95
14.82,-3.543,18.363
14.11,-3.7,17.81
13.41,-4.0825,17.4925
13.41,-4.55,17.96
13.41,-4.55,17.96
13.41,-4.55,17.96
12.7,-4.55,17.25
12.7,8.655,4.045
12.7,9.35,3.35
13.41,8.6975,4.7125
13.41,7.9,5.51
14.11,7.9,6.21
14.11,7.9,6.21
14.11,7.9,6.21
14.82,6.14,8.68
14.82,5.7,9.12
15.52,6.3525,9.1675
15.52,8.31,7.21
16.23,8.31,7.92
16.94,8.31,8.63
16.94,8.31,8.63
16.94,8.238,8.702
16.94,8.19,8.75
16.94,8.19,8.75
17.64,9.657,7.983
18.35,9.82,8.53
18.35,9.82,8.53
18.35,9.82,8.53
17.64,8.044,9.596
16.94,7.6,9.34
16.94,7.44,9.5
16.94,7.28,9.66
16.94,7.28,9.66
16.94,7.28,9.66
16.94,7.28,9.66
16.94,7.4245,9.5155
16.94,7.45,9.49
17.64,7.096,10.544
17.64,5.68,11.96
16.94,5.68,11.26
16.23,5.68,10.55
16.23,5.68,10.55
16.23,6.7725,9.4575
16.23,6.83,9.4
16.23,6.0875,10.1425
16.23,5.48,10.75
15.52,5.48,10.04
14.82,5.48,9.34
14.82,5.48,9.34
14.82,6.74,8.08
14.82,6.74,8.08
14.11,7.2475,6.8625
14.82,8.77,6.05
15.52,8.77,6.75
14.82,8.77,6.05
15.52,8.77,6.75
15.52,7.29,8.23
15.52,6.92,8.6
14.82,6.92,7.9
14.82,6.27,8.55
14.11,6.27,7.84
14.11,6.27,7.84
14.11,6.27,7.84
14.11,7.05,7.06
14.11,7.83,6.28
14.11,7.83,6.28
14.11,7.11,7
14.82,6.87,7.95
14.82,6.87,7.95
15.52,6.87,8.65
16.23,9.72,6.51
16.94,9.87,7.07
17.64,9.8535,7.7865
18.35,9.54,8.81
18.35,9.54,8.81
19.05,9.54,9.51
19.05,9.54,9.51
19.05,6.1725,12.8775
18.35,5.05,13.3
18.35,5.05,13.3
18.35,8.848,9.502
18.35,9.27,9.08
18.35,9.27,9.08
18.35,9.27,9.08
18.35,8.7475,9.6025
19.05,8.32,10.73
18.35,8.32,10.03
18.35,8.296,10.054
18.35,8.28,10.07
18.35,8.28,10.07
18.35,8.28,10.07
18.35,8.26,10.09
18.35,8.24,10.11
18.35,8.24,10.11
18.35,6.14,12.21
18.35,4.74,13.61
18.35,4.74,13.61
18.35,4.74,13.61
19.05,5.535,13.515
18.35,7.92,10.43
18.35,7.92,10.43
18.35,5.799,12.551
18.35,1.86,16.49
18.35,1.86,16.49
18.35,1.86,16.49
18.35,1.492,16.858
18.35,0.94,17.41
18.35,0.94,17.41
18.35,1.4125,16.9375
18.35,2.29,16.06
18.35,2.29,16.06
18.35,2.29,16.06
18.35,2.116,16.234
18.35,1.13,17.22
18.35,1.13,17.22
18.35,1.641,16.709
18.35,2.59,15.76
18.35,2.59,15.76
18.35,2.59,15.76
17.64,2.3725,15.2675
18.35,1.72,16.63
18.35,1.72,16.63
18.35,1.705,16.645
18.35,1.62,16.73
18.35,1.62,16.73
18.35,1.62,16.73
18.35,1.68,16.67
18.35,2.82,15.53
18.35,2.82,15.53
17.64,2.876,14.764
17.64,2.98,14.66
17.64,2.98,14.66
17.64,2.71,14.93
17.64,1.9,15.74
18.35,1.9,16.45
18.35,1.9285,16.4215
18.35,2.09,16.26
18.35,2.09,16.26
17.64,2.09,15.55
17.64,2.3245,15.3155
17.64,2.76,14.88
17.64,2.76,14.88
17.64,2.134,15.506
17.64,-0.37,18.01
17.64,-0.37,18.01
16.94,-0.37,17.31
16.94,3.788,13.152
16.94,7.19,9.75
16.23,7.19,9.04
15.52,7.482,8.038
14.82,7.92,6.9
12.7,7.92,4.78
11.29,7.92,3.37
9.17,6.321,2.849
8.47,2.59,5.88
7.76,2.59,5.17
7.05,3.169,3.881
7.05,6.45,0.6
6.35,6.45,-0.1
6.35,6.45,-0.1
7.05,6.495,0.555
7.05,6.55,0.5
6.35,6.55,-0.2
6.35,6.55,-0.2
7.05,6.816,0.234
7.05,6.83,0.22
7.05,6.83,0.22
7.05,6.907,0.143
7.05,7.6,-0.55
7.05,7.6,-0.55
7.05,7.6,-0.55
7.05,7.4375,-0.3875
7.05,7.35,-0.3
7.05,7.35,-0.3
7.76,7.35,0.41
7.76,8.0555,-0.2955
7.76,8.18,-0.42
7.76,8.18,-0.42
7.76,8.152,-0.392
7.76,8.1,-0.34
7.76,8.1,-0.34
7.76,8.1,-0.34
7.76,7.644,0.116
8.47,7.62,0.85
7.76,7.62,0.14
8.47,7.805,0.665
7.76,7.99,-0.23
8.47,7.99,0.48
8.47,7.99,0.48
8.47,7.9975,0.4725
8.47,8,0.47
8.47,8,0.47
8.47,7.7,0.77
8.47,7.4,1.07
8.47,7.4,1.07
8.47,7.4,1.07
8.47,8.245,0.225
8.47,8.7,-0.23
9.17,8.7,0.47
8.47,8.0115,0.4585
9.17,7.17,2
8.47,7.17,1.3
9.17,7.17,2
9.17,9.1995,-0.0295
9.17,10.86,-1.69
9.88,10.86,-0.98
9.88,10.1875,-0.3075
9.88,8.17,1.71
9.88,8.17,1.71
10.58,8.17,2.41
10.58,9.028,1.552
10.58,9.6,0.98
10.58,9.6,0.98
10.58,9.6,0.98
10.58,14.6,-4.02
10.58,14.6,-4.02
10.58,14.6,-4.02
10.58,13.4975,-2.9175
10.58,11.45,-0.87
10.58,11.45,-0.87
10.58,11.485,-0.905
10.58,11.59,-1.01
10.58,11.59,-1.01
10.58,11.59,-1.01
10.58,9.6705,0.9095
10.58,8.1,2.48
10.58,8.1,2.48
10.58,8.1,2.48
10.58,7.828,2.752
11.29,7.78,3.51
11.29,7.78,3.51
10.58,7.316,3.264
11.29,6.62,4.67
10.58,6.62,3.96
10.58,6.62,3.96
10.58,5.4575,5.1225
10.58,5.07,5.51
10.58,5.07,5.51
10.58,4.488,6.092
10.58,2.16,8.42
10.58,2.16,8.42
11.29,2.16,9.13
10.58,2.3635,8.2165
10.58,2.53,8.05
10.58,2.53,8.05
10.58,2.498,8.082
11.29,2.21,9.08
10.58,2.21,8.37
10.58,2.21,8.37
10.58,2.326,8.254
10.58,2.5,8.08
10.58,2.5,8.08
10.58,2.542,8.038
10.58,2.78,7.8
10.58,2.78,7.8
10.58,2.78,7.8
10.58,2.875,7.705
10.58,2.97,7.61
10.58,2.97,7.61
11.29,2.7275,8.5625
11.29,2,9.29
11.29,2,9.29
10.58,2,8.58
11.29,2.129,9.161
11.29,2.43,8.86
12,2.43,9.57
12,2.43,9.57
12.7,2.4965,10.2035
12.7,2.5,10.2
12,2.5,9.5
12,2.5,9.5
12.7,2.21,10.49
12.7,2.21,10.49
12.7,2.21,10.49
12.7,2.3,10.4
12.7,2.33,10.37
13.41,2.33,11.08
12.7,2.33,10.37
12.7,1.633,11.067
12.7,1.51,11.19
12.7,1.51,11.19
12,1.315,10.685
12,1.12,10.88
12.7,1.12,11.58
12,1.12,10.88
12,1.344,10.656
12,1.68,10.32
11.29,1.68,9.61
11.29,1.534,9.756
10.58,0.95,9.63
9.88,0.95,8.93
9.17,0.95,8.22
9.17,1.305,7.865
8.47,1.66,6.81
8.47,1.66,6.81
8.47,1.43,7.04
8.47,0.74,7.73
7.76,0.74,7.02
8.47,0.74,7.73
8.47,1.212,7.258
8.47,1.33,7.14
8.47,1.33,7.14
8.47,1.22,7.25
8.47,1.13,7.34
8.47,1.13,7.34
8.47,1.13,7.34
8.47,1.005,7.465
8.47,0.88,7.59
8.47,0.88,7.59
8.47,0.9395,7.5305
9.17,1.05,8.12
9.17,1.05,8.12
9.17,1.05,8.12
9.17,1.078,8.092
9.17,1.19,7.98
9.17,1.19,7.98
9.17,1.176,7.994
9.17,1.05,8.12
9.17,1.05,8.12
9.17,1.05,8.12
9.17,1.05,8.12
9.17,1.329,7.841
9.17,1.36,7.81
9.17,1.36,7.81
9.88,1,8.88
9.88,0.88,9
9.17,0.88,8.29
9.88,0.88,9
9.17,0.838,8.332
9.17,0.81,8.36
9.17,0.81,8.36
8.47,0.876,7.594
8.47,0.93,7.54
8.47,0.93,7.54
8.47,0.93,7.54
8.47,1.0245,7.4455
8.47,1.2,7.27
8.47,1.2,7.27
8.47,1.224,7.246
8.47,1.24,7.23
8.47,1.24,7.23
8.47,1.24,7.23
7.76,1.472,6.288
7.76,1.53,6.23
7.76,1.5155,6.2445
7.76,1.24,6.52
7.76,1.24,6.52
7.05,1.24,5.81
7.05,1.24,5.81
7.05,1.345,5.705
7.05,1.38,5.67
7.05,1.38,5.67
7.05,1.176,5.874
7.05,1.14,5.91
7.05,1.14,5.91
7.05,1.14,5.91
7.05,1.212,5.838
7.05,1.26,5.79
7.05,1.26,5.79
7.05,1.338,5.712
7.05,1.38,5.67
7.05,1.38,5.67
7.05,1.38,5.67
7.05,1.2765,5.7735
7.05,1.15,5.9
7.05,1.15,5.9
7.05,1.245,5.805
7.05,1.34,5.71
7.05,1.34,5.71
7.05,1.34,5.71
7.05,1.3145,5.7355
7.05,0.83,6.22
7.05,0.83,6.22
7.05,0.868,6.182
7.05,1.02,6.03
7.05,1.02,6.03
7.05,1.02,6.03
7.76,1.02,6.74
7.76,-0.56,8.32
7.76,-0.56,8.32
7.76,-0.512,8.272
7.76,-0.4,8.16
7.76,-0.4,8.16
7.76,-0.4,8.16
7.76,-0.4,8.16
7.76,-0.264,8.024
7.76,-0.23,7.99
7.76,-0.2555,8.0155
7.76,-0.4,8.16
8.47,-0.4,8.87
7.76,-0.4,8.16
7.76,-0.548,8.308
8.47,-1.14,9.61
8.47,-1.14,9.61
8.47,-1.08,9.55
7.76,-0.99,8.75
8.47,-0.99,9.46
8.47,-0.99,9.46
8.47,-0.99,9.46
8.47,-1.4555,9.9255
9.17,-1.48,10.65
9.17,-1.571,10.741
9.17,-1.74,10.91
9.17,-1.74,10.91
9.17,-1.74,10.91
9.17,-1.74,10.91
9.17,-0.855,10.025
9.17,-0.56,9.73
9.17,-0.6175,9.7875
9.17,-0.79,9.96
9.17,-0.79,9.96
9.17,-0.79,9.96
9.17,-0.598,9.768
9.17,-0.15,9.32
9.17,-0.15,9.32
9.17,-0.437,9.607
9.17,-0.56,9.73
9.17,-0.56,9.73
9.17,-0.56,9.73
9.17,-0.51,9.68
9.17,-0.31,9.48
9.17,-0.31,9.48
9.88,-0.352,10.232
9.17,-0.38,9.55
9.17,-0.38,9.55
9.88,-0.38,10.26
9.17,-0.4075,9.5775
9.17,-0.49,9.66
9.88,-0.49,10.37
9.17,-0.5275,9.6975
9.17,-0.54,9.71
9.17,-0.54,9.71
9.17,-0.54,9.71
8.47,-0.54,9.01
7.76,-0.43,8.19
7.05,-0.43,7.48
6.35,-0.529,6.879
6.35,-0.54,6.89
5.64,-0.54,6.18
5.64,-0.54,6.18
5.64,-0.52,6.16
5.64,-0.49,6.13
5.64,-0.49,6.13
5.64,-0.48,6.12
5.64,-0.48,6.12
5.64,-0.48,6.12
6.35,-0.48,6.83
6.35,-0.487,6.837
6.35,-0.5,6.85
6.35,-0.496,6.846
5.64,-0.42,6.06
4.94,-0.42,5.36
3.52,-0.42,3.94
2.82,-0.42,3.24
2.82,-0.396,3.216
-0.71,-0.38,-0.33
-1.42,-0.355,-1.065
-1.42,-0.28,-1.14
-0.71,-0.28,-0.43
-0.71,-0.28,-0.43
-0.71,-0.28,-0.43
-0.71,0.3745,-1.0845
-0.71,0.91,-1.62
0,0.8365,-0.8365
0.7,0.42,0.28
1.41,0.42,0.99
1.41,0.42,0.99
2.11,0.42,1.69
2.82,1.362,1.458
2.82,3.56,-0.74
2.82,3.56,-0.74
2.82,3.43,-0.61
2.82,3.43,-0.61
2.82,3.43,-0.61
2.82,3.43,-0.61
2.82,3.487,-0.667
2.82,4.57,-1.75
2.82,4.57,-1.75
2.82,6.015,-3.195
2.82,6.27,-3.45
2.82,6.27,-3.45
2.82,6.27,-3.45
2.82,6.378,-3.558
2.82,7.35,-4.53
2.82,7.35,-4.53
2.82,8.13,-5.31
2.82,8.13,-5.31
2.82,8.13,-5.31
2.82,8.13,-5.31
2.82,8.585,-5.765
2.82,9.43,-6.61
2.82,9.495,-6.675
2.82,10.08,-7.26
2.82,10.08,-7.26
2.82,10.08,-7.26
2.82,10.08,-7.26
2.82,10.44,-7.62
2.82,12.48,-9.66
2.82,12.478,-9.658
2.82,12.44,-9.62
2.82,12.44,-9.62
2.82,12.44,-9.62
2.82,12.44,-9.62
2.82,12.641,-9.821
2.82,14.45,-11.63
2.82,14.45,-11.63
2.82,14.603,-11.783
2.82,14.63,-11.81
2.82,14.63,-11.81
2.82,14.63,-11.81
2.82,14.63,-11.81
2.82,16.982,-14.162
2.82,17.57,-14.75
2.82,17.842,-15.022
2.82,17.91,-15.09
2.82,17.91,-15.09
2.82,17.91,-15.09
3.52,17.91,-14.39
3.52,20.8125,-17.2925
3.52,21.78,-18.26
4.23,23.118,-18.888
4.94,24.01,-19.07
4.94,24.01,-19.07
5.64,24.352,-18.712
7.05,30.85,-23.8
7.76,31.775,-24.015
8.47,34.55,-26.08
9.17,34.55,-25.38
10.58,34.55,-23.97
11.29,34.55,-23.26
12.7,34.55,-21.85
14.11,41.3,-27.19
14.82,41.744,-26.924
16.23,44.26,-28.03
16.94,44.26,-27.32
18.35,44.26,-25.91
19.76,44.26,-24.5
20.47,46.102,-25.632
21.17,53.47,-32.3
22.58,54.013,-31.433
23.29,55.28,-31.99
24,55.28,-31.28
24.7,55.28,-30.58
24.7,55.28,-30.58
25.41,55.28,-29.87
26.11,63.2695,-37.1595
26.11,63.69,-37.58
26.82,62.22,-35.4
26.82,62.22,-35.4
26.82,62.22,-35.4
26.82,62.22,-35.4
27.52,62.22,-34.7
28.94,62.502,-33.562
28.94,62.69,-33.75
29.64,62.034,-32.394
30.35,61.87,-31.52
30.35,61.87,-31.52
31.05,61.87,-30.82
31.76,61.87,-30.11
32.47,62.428,-29.958
32.47,64.66,-32.19
32.47,64.615,-32.145
33.17,64.51,-31.34
33.17,64.51,-31.34
33.17,64.51,-31.34
33.88,64.51,-30.63
33.88,65.242,-31.362
33.88,66.95,-33.07
33.88,67.075,-33.195
33.88,67.2,-33.32
34.58,67.2,-32.62
34.58,67.2,-32.62
35.29,67.2,-31.91
35.29,67.2,-31.91
36,68.25,-32.25
36.7,68.6,-31.9
37.41,68.583,-31.173
38.11,68.58,-30.47
38.82,68.58,-29.76
40.23,68.58,-28.35
40.94,68.58,-27.64
43.05,68.67,-25.62
44.47,69.18,-24.71
45.88,69.096,-23.216
48,69.04,-21.04
49.41,69.04,-19.63
51.52,69.04,-17.52
52.94,69.04,-16.1
54.35,69.04,-14.69
56.47,69.32,-12.85
57.88,69.3925,-11.5125
59.29,69.44,-10.15
60.7,69.44,-8.74
62.11,69.44,-7.33
63.52,69.44,-5.92
64.94,69.44,-4.5
66.35,69.617,-3.267
67.05,70.03,-2.98
68.47,70.004,-1.534
69.17,69.99,-0.82
70.58,69.99,0.59
71.29,69.99,1.3
73.41,69.99,3.42
74.11,69.999,4.111
74.82,70.17,4.65
76.23,70.161,6.069
77.64,70.15,7.49
78.35,70.15,8.2
79.05,70.15,8.9
79.76,70.15,9.61
79.05,70.15,8.9
79.05,70.264,8.786
79.05,70.343,8.707
79.05,70.35,8.7
79.05,70.35,8.7
78.35,70.35,8
79.05,70.35,8.7
79.05,70.35,8.7
79.05,70.46,8.59
79.05,70.55,8.5
79.05,70.55,8.5
79.05,70.55,8.5
79.05,70.55,8.5
79.05,70.55,8.5
79.05,70.55,8.5
79.05,70.6165,8.4335
79.05,70.74,8.31
79.05,70.74,8.31
79.05,70.74,8.31
79.05,70.74,8.31
79.05,70.74,8.31
79.05,70.74,8.31
79.05,70.791,8.259
79.05,70.91,8.14
79.05,70.9185,8.1315
79.05,70.92,8.13
79.05,70.92,8.13
79.05,70.92,8.13
79.05,70.92,8.13
79.05,70.952,8.098
79.05,71.08,7.97
79.05,71.114,7.936
79.05,71.12,7.93
79.05,71.12,7.93
79.05,71.12,7.93
79.05,71.12,7.93
79.05,71.12,7.93
79.05,71.255,7.795
79.05,71.27,7.78
79.05,71.27,7.78
79.05,71.27,7.78
78.35,71.27,7.08
79.05,71.27,7.78
79.05,71.27,7.78
79.05,71.335,7.715
79.05,71.4,7.65
79.05,71.43,7.62
78.35,71.43,6.92
79.05,71.43,7.62
79.05,71.43,7.62
79.05,71.43,7.62
79.05,71.4755,7.5745
78.35,71.56,6.79
79.05,71.5505,7.4995
78.35,71.55,6.8
78.35,71.55,6.8
79.05,71.55,7.5
78.35,71.55,6.8
78.35,71.543,6.807
78.35,71.48,6.87
78.35,71.448,6.902
79.05,71.44,7.61
78.35,71.44,6.91
78.35,71.44,6.91
78.35,71.44,6.91
78.35,71.44,6.91
78.35,71.4775,6.8725
78.35,71.476,6.874
78.35,71.47,6.88
79.05,71.47,7.58
78.35,71.47,6.88
78.35,71.47,6.88
78.35,71.47,6.88
78.35,71.5175,6.8325
78.35,71.5275,6.8225
78.35,71.53,6.82
78.35,71.53,6.82
78.35,71.53,6.82
78.35,71.53,6.82
78.35,71.53,6.82
78.35,71.563,6.787
78.35,71.5935,6.7565
78.35,71.6,6.75
78.35,71.6,6.75
78.35,71.6,6.75
78.35,71.6,6.75
78.35,71.6,6.75
78.35,71.606,6.744
78.35,71.6305,6.7195
78.35,71.64,6.71
78.35,71.64,6.71
78.35,71.64,6.71
78.35,71.64,6.71
78.35,71.64,6.71
78.35,71.64,6.71
78.35,71.646,6.704
78.35,71.67,6.68
78.35,71.67,6.68
78.35,71.67,6.68
78.35,71.67,6.68
78.35,71.67,6.68
79.05,71.67,7.38
79.05,71.74,7.31
78.35,71.749,6.601
78.35,71.75,6.6
79.05,71.75,7.3
78.35,71.75,6.6
79.05,71.75,7.3
79.05,71.75,7.3
78.35,71.894,6.456
79.05,71.91,7.14
78.35,71.91,6.44
79.05,71.91,7.14
78.35,71.91,6.44
78.35,71.91,6.44
79.05,71.91,7.14
78.35,72.144,6.206
78.35,72.348,6.002
78.35,72.39,5.96
78.35,72.39,5.96
78.35,72.39,5.96
79.05,72.39,6.66
78.35,72.39,5.96
78.35,72.453,5.897
78.35,72.5025,5.8475
78.35,72.48,5.87
78.35,72.48,5.87
78.35,72.48,5.87
78.35,72.48,5.87
78.35,72.48,5.87
78.35,72.445,5.905
78.35,72.3275,6.0225
78.35,72.29,6.06
78.35,72.29,6.06
78.35,72.29,6.06
78.35,72.29,6.06
78.35,72.29,6.06
78.35,72.248,6.102
78.35,72.143,6.207
78.35,72.29,6.06
78.35,72.29,6.06
78.35,72.29,6.06
79.05,72.29,6.76
78.35,72.29,6.06
78.35,71.201,7.149
79.05,68.968,10.082
78.35,69.43,8.92
79.05,69.43,9.62
79.05,69.43,9.62
79.05,69.43,9.62
78.35,69.43,8.92
79.05,69.43,9.62
78.35,55.4055,22.9445
79.05,48.59,30.46
78.35,48.59,29.76
79.05,48.59,30.46
78.35,48.59,29.76
78.35,48.59,29.76
78.35,48.59,29.76
79.05,40.265,38.785
78.35,29.358,48.992
79.05,28.87,50.18
78.35,28.87,49.48
78.35,28.87,49.48
78.35,28.87,49.48
79.05,28.87,50.18
79.05,28.87,50.18
78.35,13.5125,64.8375
79.05,14.09,64.96
79.05,14.09,64.96
79.05,14.09,64.96
78.35,14.09,64.26
79.05,14.09,64.96
79.05,14.09,64.96
79.05,4.974,74.076
79.05,6.2,72.85
79.05,6.2,72.85
79.05,6.2,72.85
79.05,6.2,72.85
79.05,6.2,72.85
79.05,6.2,72.85
79.05,5.0225,74.0275
79.05,5.11,73.94
79.05,5.11,73.94
79.05,5.11,73.94
79.05,5.11,73.94
79.05,5.11,73.94
79.05,5.11,73.94
79.05,5.6625,73.3875
79.05,5.38,73.67
79.05,5.38,73.67
79.05,5.38,73.67
79.05,5.38,73.67
79.05,5.38,73.67
79.05,5.38,73.67
79.05,5.356,73.694
79.05,5.1155,73.9345
79.05,5.03,74.02
79.05,5.03,74.02
79.05,5.03,74.02
79.05,5.03,74.02
79.05,5.03,74.02
79.05,5.03,74.02
79.05,5.12,73.93
79.05,5.02,74.03
79.05,5.02,74.03
78.35,5.02,73.33
76.94,5.02,71.92
74.82,5.02,69.8
72,5.02,66.98
69.17,5.13,64.04
67.05,5.129,61.921
63.52,4.94,58.58
60.7,4.94,55.76
56.47,4.94,51.53
53.64,4.94,48.7
50.11,4.94,45.17
46.58,4.94,41.64
44.47,4.965,39.505
41.64,4.87,36.77
38.82,4.87,33.95
36,4.87,31.13
33.17,4.87,28.3
30.35,4.87,25.48
28.23,4.87,23.36
26.11,4.805,21.305
24,4.77,19.23
21.88,4.77,17.11
20.47,4.77,15.7
18.35,4.77,13.58
16.94,4.77,12.17
15.52,4.94,10.58
14.11,7.085,7.025
13.41,6.62,6.79
12,6.62,5.38
11.29,6.62,4.67
10.58,6.62,3.96
9.88,6.62,3.26
9.88,6.62,3.26
9.88,12.459,-2.579
9.88,14.04,-4.16
9.88,14.04,-4.16
9.88,14.04,-4.16
9.88,14.04,-4.16
9.88,14.04,-4.16
9.88,14.04,-4.16
9.88,20.4915,-10.6115
9.88,25.22,-15.34
9.88,25.22,-15.34
9.88,25.22,-15.34
9.88,25.22,-15.34
9.88,25.22,-15.34
9.88,25.22,-15.34
9.88,32.5175,-22.6375
9.88,50.1645,-40.2845
9.88,50.38,-40.5
9.88,50.38,-40.5
9.88,50.38,-40.5
9.88,50.38,-40.5
9.88,50.38,-40.5
9.88,52.9975,-43.1175
9.88,70.1505,-60.2705
9.88,70.56,-60.68
9.88,70.56,-60.68
9.88,70.56,-60.68
9.88,70.56,-60.68
9.88,70.56,-60.68
10.58,70.56,-59.98
9.88,75.15,-65.27
10.58,74.97,-64.39
9.88,74.97,-65.09
9.88,74.97,-65.09
9.88,74.97,-65.09
9.88,74.97,-65.09
10.58,74.97,-64.39
9.88,74.996,-65.116
10.58,74.99,-64.41
10.58,74.99,-64.41
10.58,74.99,-64.41
10.58,74.99,-64.41
10.58,74.99,-64.41
10.58,74.99,-64.41
10.58,74.984,-64.404
10.58,74.96,-64.38
10.58,74.96,-64.38
10.58,74.96,-64.38
10.58,74.96,-64.38
10.58,74.96,-64.38
10.58,74.96,-64.38
11.29,75.0155,-63.7255
11.29,75.29,-64
12,75.29,-63.29
12.7,75.29,-62.59
12.7,75.29,-62.59
14.11,75.29,-61.18
14.82,75.29,-60.47
16.23,75.348,-59.118
17.64,75.51,-57.87
19.05,75.51,-56.46
19.76,75.51,-55.75
21.17,75.51,-54.34
21.88,75.51,-53.63
23.29,75.51,-52.22
24,75.51,-51.51
25.41,75.6825,-50.2725
27.52,75.74,-48.22
29.64,75.74,-46.1
33.17,75.74,-42.57
36,75.74,-39.74
39.52,75.74,-36.22
43.76,75.74,-31.98
48,75.7895,-27.7895
52.23,75.85,-23.62
56.47,75.85,-19.38
60,75.85,-15.85
62.82,75.85,-13.03
65.64,75.85,-10.21
68.47,75.927,-7.457
71.29,75.96,-4.67
73.41,75.96,-2.55
76.23,75.96,0.27
79.05,75.96,3.09
81.17,75.96,5.21
82.58,75.96,6.62
84,76.028,7.972
84.7,76.13,8.57
84.7,76.13,8.57
84,76.13,7.87
84,76.13,7.87
84,76.13,7.87
84,76.13,7.87
84,76.154,7.846
84,76.2,7.8
84,76.2,7.8
84,76.2,7.8
84,76.2,7.8
84,76.2,7.8
84,76.2,7.8
83.29,76.2,7.09
84,76.254,7.746
84,76.26,7.74
84,76.26,7.74
84,76.26,7.74
84,76.26,7.74
83.29,76.26,7.03
84,76.26,7.74
84,76.2775,7.7225
84,76.31,7.69
84,76.31,7.69
84,76.31,7.69
84,76.31,7.69
84,76.31,7.69
84,76.31,7.69
84,76.307,7.693
84,76.32,7.68
84,76.32,7.68
84,76.32,7.68
84,76.32,7.68
84,76.32,7.68
84,76.32,7.68
84,76.32,7.68
84,76.3365,7.6635
84,76.36,7.64
84,76.36,7.64
84,76.36,7.64
84,76.36,7.64
83.29,76.36,6.93
84,76.3625,7.6375
84,76.4175,7.5825
84,76.42,7.58
84,76.42,7.58
84,76.42,7.58
84,76.42,7.58
84,76.42,7.58
84,76.421,7.579
84,76.453,7.547
84,76.46,7.54
84,76.46,7.54
84,76.46,7.54
84,76.46,7.54
84,76.46,7.54
84,76.46,7.54
84,76.4705,7.5295
84,76.48,7.52
84,76.48,7.52
84,76.48,7.52
84,76.48,7.52
84,76.48,7.52
84,76.48,7.52
83.29,76.474,6.816
84,76.477,7.523
84,76.48,7.52
84,76.48,7.52
84,76.48,7.52
84,76.48,7.52
84,76.48,7.52
84,76.48,7.52
84,76.467,7.533
84,76.47,7.53
84,76.47,7.53
84,76.47,7.53
84,76.47,7.53
84,76.47,7.53
84,76.47,7.53
84,76.4895,7.5105
84,76.5,7.5
84,76.5,7.5
84,76.5,7.5
84,76.5,7.5
84,76.5,7.5
84,76.5015,7.4985
84,76.5355,7.4645
84,76.54,7.46
84,76.54,7.46
84,76.54,7.46
84,76.54,7.46
84,76.54,7.46
84,76.54,7.46
84,76.5635,7.4365
84,76.56,7.44
84,76.56,7.44
84,76.56,7.44
84,76.56,7.44
84,76.56,7.44
84,76.56,7.44
84,76.566,7.434
84,76.58,7.42
84,76.58,7.42
84,76.58,7.42
84,76.58,7.42
84,76.58,7.42
84,76.58,7.42
84,76.5875,7.4125
84,76.622,7.378
84,76.63,7.37
84,76.63,7.37
84,76.63,7.37
84,76.63,7.37
84,76.63,7.37
84,76.63,7.37
84,76.6315,7.3685
84,76.64,7.36
84,76.64,7.36
84,76.64,7.36
84,76.64,7.36
84,76.64,7.36
84,76.64,7.36
84,76.7375,7.2625
84,76.79,7.21
84,76.79,7.21
84,76.79,7.21
84,76.79,7.21
84,76.79,7.21
84,76.79,7.21
84,77.692,6.308
84,77.87,6.13
84,77.87,6.13
84,77.87,6.13
84,77.87,6.13
84,77.87,6.13
84,77.87,6.13
84,78.258,5.742
84,81.016,2.984
84,81.4,2.6
84,81.4,2.6
84,81.4,2.6
84,81.4,2.6
84,81.4,2.6
84,81.2775,2.7225
84,81.9705,2.0295
84,83.94,0.06
84,83.94,0.06
84,83.94,0.06
84,83.94,0.06
84,83.94,0.06
84,83.94,0.06
84,82.509,1.491
84,82.673,1.327
84,82.69,1.31
84,82.69,1.31
84,82.69,1.31
84,82.69,1.31
84,82.69,1.31
84,82.6135,1.3865
84,82.6465,1.3535
84,82.75,1.25
84,82.75,1.25
84,82.75,1.25
84,82.75,1.25
84,82.75,1.25
84,82.8095,1.1905
84,82.962,1.038
84,83.04,0.96
84,83.04,0.96
84,83.04,0.96
84,83.04,0.96
84,83.04,0.96
84,83.04,0.96
84,82.921,1.079
84,83.8215,0.1785
84,83.87,0.13
84,83.87,0.13
84,83.87,0.13
84,83.87,0.13
84,83.87,0.13
84,83.8505,0.1495
84,84.518,-0.518
84,84.97,-0.97
84,84.97,-0.97
84,84.97,-0.97
84,84.97,-0.97
84,84.97,-0.97
84.7,85.035,-0.335
84.7,85.002,-0.302
84.7,84.82,-0.12
84.7,84.82,-0.12
85.41,84.82,0.59
86.11,84.82,1.29
86.82,84.82,2
87.52,84.841,2.679
88.23,84.8375,3.3925
88.23,84.54,3.69
88.94,84.54,4.4
89.64,84.54,5.1
89.64,84.54,5.1
89.64,84.54,5.1
90.35,84.449,5.901
90.35,84.218,6.132
91.05,84.09,6.96
91.05,84.09,6.96
90.35,84.09,6.26
90.35,84.09,6.26
90.35,84.09,6.26
90.35,83.845,6.505
89.64,83.304,6.336
89.64,85.05,4.59
90.35,85.05,5.3
89.64,85.05,4.59
89.64,85.05,4.59
89.64,85.05,4.59
89.64,85.05,4.59
89.64,85.239,4.401
89.64,85.064,4.576
89.64,84.98,4.66
89.64,84.98,4.66
89.64,84.98,4.66
89.64,84.98,4.66
89.64,84.98,4.66
89.64,84.935,4.705
89.64,85.1785,4.4615
89.64,85.39,4.25
89.64,85.39,4.25
89.64,85.39,4.25
90.35,85.39,4.96
90.35,85.39,4.96
89.64,85.3795,4.2605
90.35,85.375,4.975
90.35,85.51,4.84
90.35,85.51,4.84
90.35,85.51,4.84
90.35,85.51,4.84
90.35,85.51,4.84
91.05,85.5415,5.5085
91.05,85.56,5.49
91.05,85.5,5.55
91.05,85.5,5.55
91.76,85.5,6.26
91.76,85.5,6.26
91.05,85.5,5.55
91.05,85.518,5.532
91.76,85.62,6.14
91.05,85.56,5.49
91.05,85.54,5.51
91.05,85.54,5.51
91.05,85.54,5.51
91.05,85.54,5.51
91.05,85.54,5.51
91.05,85.46,5.59
91.05,85.412,5.638
91.05,85.37,5.68
91.05,85.37,5.68
90.35,85.37,4.98
90.35,85.37,4.98
91.05,85.37,5.68
91.05,85.388,5.662
91.05,85.41,5.64
91.05,85.48,5.57
91.05,85.48,5.57
91.05,85.48,5.57
91.76,85.48,6.28
91.76,85.48,6.28
91.05,85.5575,5.4925
91.05,85.79,5.26
91.05,85.265,5.785
91.05,85.04,6.01
91.05,85.04,6.01
91.05,85.04,6.01
91.05,85.04,6.01
91.05,85.04,6.01
91.05,88.704,2.346
91.05,76.4055,14.6445
91.05,69.29,21.76
91.05,69.29,21.76
91.05,69.29,21.76
91.05,69.29,21.76
91.05,69.29,21.76
91.05,68.7125,22.3375
91.05,62.342,28.708
91.05,37.63,53.42
91.05,37.63,53.42
91.76,37.63,54.13
91.05,37.63,53.42
91.05,37.63,53.42
91.05,36.782,54.268
91.05,34.804,56.246
91.05,18.91,72.14
91.05,18.91,72.14
91.05,18.91,72.14
91.05,18.91,72.14
91.05,18.91,72.14
91.76,19.48,72.28
91.05,21.76,69.29
91.05,12.01,79.04
91.05,6.76,84.29
91.05,6.76,84.29
91.05,6.76,84.29
91.05,6.76,84.29
91.05,6.76,84.29
91.05,8.335,82.715
91.05,8.28,82.77
91.76,7.59,84.17
91.05,7.59,83.46
91.05,7.59,83.46
91.05,7.59,83.46
91.05,7.59,83.46
91.05,7.436,83.614
91.05,7.344,83.706
91.05,7.65,83.4
91.05,7.65,83.4
91.05,7.65,83.4
91.76,7.65,84.11
91.05,7.65,83.4
91.05,7.433,83.617
91.05,7.34,83.71
91.05,7.35,83.7
91.05,7.35,83.7
91.05,7.35,83.7
91.05,7.35,83.7
91.05,7.35,83.7
91.05,7.245,83.805
91.05,7,84.05
91.05,7.374,83.676
91.05,7.68,83.37
91.05,7.68,83.37
90.35,7.68,82.67
88.94,7.68,81.26
86.11,7.68,78.43
81.88,7.27,74.61
76.94,7.2235,69.7165
71.29,6.96,64.33
65.64,6.96,58.68
60,6.96,53.04
55.05,6.96,48.09
50.11,6.96,43.15
45.88,6.9685,38.9115
42.35,6.97,35.38
40.23,6.8655,33.3645
37.41,6.86,30.55
34.58,6.86,27.72
31.05,6.86,24.19
28.23,6.86,21.37
26.11,6.688,19.422
24,6.43,17.57
21.17,6.6995,14.4705
19.05,6.92,12.13
17.64,6.92,10.72
15.52,6.92,8.6
13.41,6.92,6.49
12,6.6435,5.3565
11.29,6.13,5.16
10.58,6.616,3.964
10.58,7.21,3.37
9.88,7.21,2.67
9.88,7.21,2.67
9.88,7.21,2.67
9.88,7.138,2.742
9.88,6.97,2.91
9.88,6.877,3.003
9.88,6.66,3.22
9.88,6.66,3.22
9.88,6.66,3.22
9.88,6.66,3.22
9.88,6.66,3.22
9.88,6.128,3.752
9.88,6.11,3.77
9.88,6.3,3.58
9.88,6.3,3.58
9.88,6.3,3.58
9.88,6.3,3.58
9.88,6.3,3.58
9.88,7.0425,2.8375
9.88,7.29,2.59
9.88,4.842,5.038
9.88,4.57,5.31
9.88,4.57,5.31
9.88,4.57,5.31
9.88,4.57,5.31
9.88,4.702,5.178
9.88,4.79,5.09
9.88,4.4195,5.4605
9.88,4.22,5.66
9.88,4.22,5.66
9.88,4.22,5.66
9.88,4.22,5.66
9.88,3.702,6.178
9.88,4.092,5.788
9.88,4.2,5.68
9.88,4.2,5.68
9.88,4.2,5.68
9.88,4.2,5.68
9.88,4.299,5.581
9.88,4.31,5.57
9.88,3.9015,5.9785
9.88,3.88,6
9.88,3.88,6
9.88,3.88,6
9.88,3.88,6
9.88,4.089,5.791
9.88,4.1,5.78
9.88,3.748,6.132
9.88,3.66,6.22
9.88,3.66,6.22
9.88,3.66,6.22
9.88,3.66,6.22
9.88,3.555,6.325
10.58,3.51,7.07
10.58,3.87,6.71
10.58,4.23,6.35
10.58,4.23,6.35
10.58,4.23,6.35
10.58,4.23,6.35
10.58,4.0935,6.4865
10.58,3.84,6.74
10.58,3.83,6.75
10.58,3.79,6.79
10.58,3.79,6.79
10.58,3.79,6.79
10.58,3.79,6.79
10.58,3.754,6.826
10.58,3.61,6.97
10.58,3.6315,6.9485
10.58,4.04,6.54
9.88,4.04,5.84
9.88,4.04,5.84
9.88,4.04,5.84
9.17,4.0785,5.0915
9.17,4.15,5.02
9.17,4.15,5.02
9.17,3.39,5.78
8.47,3.39,5.08
8.47,3.39,5.08
8.47,3.39,5.08
8.47,3.4125,5.0575
8.47,3.48,4.99
8.47,3.48,4.99
8.47,3.82,4.65
8.47,3.82,4.65
8.47,3.82,4.65
8.47,3.82,4.65
9.17,3.792,5.378
9.17,3.54,5.63
9.17,3.54,5.63
9.17,3.841,5.329
9.17,3.97,5.2
9.17,3.97,5.2
9.17,3.97,5.2
9.17,3.9385,5.2315
9.17,3.76,5.41
9.17,3.76,5.41
9.17,3.7975,5.3725
9.17,3.81,5.36
9.17,3.81,5.36
9.17,3.81,5.36
9.17,3.81,5.36
9.17,3.468,5.702
9.17,3.43,5.74
9.17,3.322,5.848
9.17,3.16,6.01
9.17,3.16,6.01
9.17,3.16,6.01
9.17,3.16,6.01
9.17,3.1535,6.0165
9.17,3.15,6.02
9.17,3.13,6.04
9.17,3.11,6.06
9.17,3.11,6.06
9.17,3.11,6.06
9.17,3.11,6.06
9.17,3.0125,6.1575
9.17,2.98,6.19
9.88,3.01,6.87
9.17,3.13,6.04
9.88,3.13,6.75
9.88,3.13,6.75
9.17,3.13,6.04
9.88,3.13,6.75
9.88,3.13,6.75
9.88,3.13,6.75
9.88,2.99,6.89
9.88,2.99,6.89
9.88,2.99,6.89
9.88,2.99,6.89
9.88,2.983,6.897
10.58,2.98,7.6
9.88,2.964,6.916
10.58,2.82,7.76
10.58,2.82,7.76
10.58,2.82,7.76
10.58,2.82,7.76
10.58,2.624,7.956
10.58,2.54,8.04
10.58,2.468,8.112
10.58,2.18,8.4
10.58,2.18,8.4
10.58,2.18,8.4
10.58,2.18,8.4
10.58,2.5485,8.0315
10.58,2.85,7.73
10.58,2.85,7.73
10.58,1.13,9.45
10.58,1.13,9.45
11.29,1.13,10.16
10.58,1.13,9.45
10.58,0.116,10.464
10.58,-0.43,11.01
11.29,-0.43,11.72
10.58,0.75,9.83
11.29,0.75,10.54
10.58,0.75,9.83
11.29,0.75,10.54
11.29,0.9095,10.3805
11.29,1.04,10.25
10.58,1.04,9.54
10.58,0.8955,9.6845
11.29,0.87,10.42
11.29,0.87,10.42
11.29,0.87,10.42
11.29,0.72,10.57
11.29,0.37,10.92
10.58,0.37,10.21
10.58,0.436,10.144
11.29,0.48,10.81
11.29,0.48,10.81
11.29,0.48,10.81
11.29,0.4955,10.7945
11.29,0.79,10.5
11.29,0.79,10.5
11.29,0.82,10.47
11.29,0.94,10.35
11.29,0.94,10.35
11.29,0.94,10.35
11.29,0.94,10.35
11.29,1.05,10.24
11.29,1.05,10.24
11.29,0.918,10.372
11.29,0.72,10.57
11.29,0.72,10.57
11.29,0.72,10.57
11.29,0.6525,10.6375
11.29,0.45,10.84
11.29,0.45,10.84
11.29,0.653,10.637
11.29,0.74,10.55
11.29,0.74,10.55
11.29,0.74,10.55
11.29,0.836,10.454
11.29,1.06,10.23
11.29,1.06,10.23
11.29,1.03,10.26
10.58,1,9.58
10.58,1,9.58
10.58,1,9.58
10.58,0.97,9.61
9.88,0.8,9.08
9.17,0.8,8.37
9.17,0.742,8.428
9.17,0.51,8.66
9.17,0.51,8.66
9.17,0.51,8.66
9.17,0.51,8.66
9.17,0.598,8.572
9.17,0.62,8.55
9.17,0.62,8.55
9.17,0.492,8.678
9.17,0.46,8.71
9.17,0.46,8.71
9.17,0.46,8.71
9.17,0.3885,8.7815
9.17,0.35,8.82
9.17,0.35,8.82
9.17,0.246,8.924
9.17,0.19,8.98
9.17,0.19,8.98
9.88,0.19,9.69
9.88,0.181,9.699
9.88,0.17,9.71
9.17,0.17,9
9.17,0.0335,9.1365
9.17,-0.04,9.21
9.88,-0.04,9.92
9.88,-0.094,9.974
9.88,-0.13,10.01
9.88,-0.13,10.01
9.88,0.039,9.841
9.88,0.13,9.75
9.88,0.13,9.75
9.88,0.13,9.75
9.88,0.097,9.783
9.88,0.07,9.81
9.88,0.07,9.81
9.88,-0.0125,9.8925
9.88,-0.08,9.96
9.88,-0.08,9.96
9.88,-0.08,9.96
9.88,-0.098,9.978
10.58,-0.11,10.69
9.88,-0.11,9.99
10.58,-0.146,10.726
10.58,-0.19,10.77
10.58,-0.19,10.77
10.58,-0.19,10.77
10.58,-0.2575,10.8375
10.58,-0.34,10.92
10.58,-0.34,10.92
10.58,-0.52,11.1
10.58,-0.74,11.32
10.58,-0.74,11.32
10.58,-0.74,11.32
10.58,-0.74,11.32
10.58,-0.74,11.32
10.58,-0.74,11.32
11.29,-0.724,12.014
10.58,-0.7,11.28
11.29,-0.7,11.99
10.58,-0.7,11.28
10.58,-0.396,10.976
10.58,-0.32,10.9
10.58,-0.32,10.9
10.58,-0.665,11.245
10.58,-0.78,11.36
10.58,-0.78,11.36
10.58,-0.78,11.36
10.58,-0.888,11.468
10.58,-0.9,11.48
10.58,-0.9,11.48
10.58,-0.78,11.36
10.58,-0.78,11.36
10.58,-0.78,11.36
10.58,-0.8,11.38
10.58,-0.83,11.41
10.58,-0.83,11.41
10.58,-0.855,11.435
10.58,-0.93,11.51
10.58,-0.93,11.51
10.58,-0.93,11.51
10.58,-1.049,11.629
10.58,-1.27,11.85
11.29,-1.27,12.56
10.58,-1.186,11.766
10.58,-0.85,11.43
10.58,-0.85,11.43
10.58,-0.85,11.43
10.58,-0.846,11.426
10.58,-0.84,11.42
10.58,-0.84,11.42
11.29,-0.84,12.13
10.58,-1.06,11.64
10.58,-1.06,11.64
10.58,-1.06,11.64
10.58,-1.032,11.612
10.58,-0.98,11.56
10.58,-0.98,11.56
11.29,-0.7475,12.0375
10.58,-0.67,11.25
10.58,-0.67,11.25
11.29,-0.6835,11.9735
11.29,-0.76,12.05
10.58,-0.76,11.34
10.58,-0.76,11.34
11.29,-0.91,12.2
10.58,-0.96,11.54
10.58,-0.96,11.54
10.58,-0.949,11.529
10.58,-0.85,11.43
10.58,-0.85,11.43
10.58,-0.864,11.444
10.58,-0.99,11.57
10.58,-0.99,11.57
10.58,-0.99,11.57
10.58,-0.834,11.414
10.58,-0.6,11.18
10.58,-0.6,11.18
10.58,-0.6275,11.2075
10.58,-0.71,11.29
10.58,-0.71,11.29
10.58,-0.71,11.29
10.58,-0.668,11.248
10.58,-0.65,11.23
10.58,-0.65,11.23
10.58,-0.6185,11.1985
10.58,-0.44,11.02
10.58,-0.44,11.02
10.58,-0.44,11.02
10.58,-0.392,10.972
10.58,-0.36,10.94
10.58,-0.36,10.94
10.58,-0.7155,11.2955
10.58,-1.15,11.73
10.58,-1.15,11.73
10.58,-1.156,11.736
10.58,-1.27,11.85
10.58,-1.27,11.85
10.58,-1.27,11.85
10.58,-1.7695,12.3495
10.58,-2.38,12.96
11.29,-2.38,13.67
10.58,-2.38,12.96
10.58,-2.475,13.055
10.58,-2.48,13.06
10.58,-2.48,13.06
11.29,-2.54,13.83
11.29,-2.63,13.92
11.29,-2.63,13.92
11.29,-2.63,13.92
11.29,-2.86,14.15
11.29,-2.86,14.15
11.29,-2.86,14.15
11.29,-3.021,14.311
11.29,-3.32,14.61
11.29,-3.32,14.61
11.29,-3.3185,14.6085
11.29,-3.31,14.6
11.29,-3.31,14.6
11.29,-3.31,14.6
11.29,-3.2385,14.5285
11.29,-3.18,14.47
11.29,-3.18,14.47
11.29,-3.206,14.496
11.29,-3.44,14.73
11.29,-3.44,14.73
11.29,-3.44,14.73
11.29,-3.405,14.695
11.29,-3.39,14.68
11.29,-3.39,14.68
11.29,-3.606,14.896
11.29,-3.66,14.95
11.29,-3.66,14.95
11.29,-3.618,14.908
11.29,-3.38,14.67
11.29,-3.38,14.67
11.29,-3.38,14.67
11.29,-3.247,14.537
11.29,-3.24,14.53
11.29,-3.24,14.53
11.29,-3.345,14.635
11.29,-3.66,14.95
11.29,-3.66,14.95
11.29,-3.64,14.93
11.29,-3.46,14.75
11.29,-3.46,14.75
11.29,-3.46,14.75
11.29,-3.5925,14.8825
11.29,-3.946,15.236
11.29,-4.28,15.57
11.29,-4.4175,15.7075
11.29,-4.48,15.77
11.29,-4.154,15.444
11.29,-3.806,15.096
11.29,-3.964,15.254
10.58,-3.898,14.478
9.88,-4.066,13.946
9.88,-4.256,14.136
9.17,-3.48,12.65
9.17,-3.48,12.65
7.76,-3.545,11.305
7.76,-3.74,11.5
7.76,-3.74,11.5
7.76,-3.74,11.5
7.76,-3.74,11.5
7.76,-3.79,11.55
7.76,-3.524,11.284
7.05,-3.214,10.264
4.94,-2.552,7.492
4.23,-2.51,6.74
4.23,-2.64,6.87
3.52,-2.64,6.16
4.23,-2.4475,6.6775
4.23,-2.29,6.52
3.52,-2.29,5.81
3.52,-2.29,5.81
2.82,-1.6075,4.4275
2.82,-0.34,3.16
2.82,-0.34,3.16
2.82,-0.016,2.836
2.11,0.2,1.91
2.82,0.2,2.62
2.82,0.2,2.62
2.82,1.096,1.724
2.82,2.44,0.38
2.11,2.4715,-0.3615
2.82,3.07,-0.25
2.11,3.07,-0.96
2.82,3.07,-0.25
2.82,3.07,-0.25
2.82,3.673,-0.853
2.82,4.41,-1.59
2.82,4.41,-1.59
2.82,4.92,-2.1
2.11,5.09,-2.98
2.82,5.09,-2.27
2.82,5.09,-2.27
2.82,5.2565,-2.4365
2.82,6.2,-3.38
2.82,6.2,-3.38
2.82,6.5645,-3.7445
2.82,7.01,-4.19
2.82,7.01,-4.19
2.82,7.1975,-4.3775
2.82,8.312,-5.492
2.82,9.3,-6.48
2.82,9.3,-6.48
2.11,9.3,-7.19
2.82,9.3,-6.48
2.11,10.44,-8.33
2.11,11.2,-9.09
1.41,11.2,-9.79
1.41,12.28,-10.87
1.41,12.4,-10.99
1.41,12.4,-10.99
1.41,12.4,-10.99
1.41,13.191,-11.781
1.41,14.66,-13.25
0.7,14.66,-13.96
0.7,15.191,-14.491
0.7,15.25,-14.55
0,15.25,-15.25
-0.71,15.25,-15.96
-0.71,15.852,-16.562
-0.71,16.97,-17.68
-0.71,16.97,-17.68
-0.71,16.934,-17.644
-0.71,16.93,-17.64
-0.71,16.93,-17.64
-0.71,16.93,-17.64
-0.71,17.973,-18.683
0,19.91,-19.91
0,19.91,-19.91
0,20.936,-20.936
0.7,20.99,-20.29
0.7,20.99,-20.29
0.7,20.99,-20.29
0.7,22.02,-21.32
0.7,25.11,-24.41
0.7,25.11,-24.41
0.7,25.768,-25.068
1.41,26.05,-24.64
1.41,26.05,-24.64
2.11,26.05,-23.94
2.11,27.93,-25.82
2.11,30.75,-28.64
2.11,30.75,-28.64
2.11,33.93,-31.82
2.11,33.93,-31.82
1.41,33.93,-32.52
2.11,33.93,-31.82
1.41,36.0925,-34.6825
1.41,42.58,-41.17
1.41,42.58,-41.17
0.7,44.416,-43.716
1.41,44.74,-43.33
1.41,44.74,-43.33
1.41,44.74,-43.33
1.41,45.2235,-43.8135
2.11,54.41,-52.3
2.11,54.41,-52.3
2.11,55.19,-53.08
2.11,55.61,-53.5
2.11,55.61,-53.5
2.82,55.61,-52.79
2.11,55.61,-53.5
2.11,60.7255,-58.6155
2.11,63.48,-61.37
2.11,64.169,-62.059
2.11,64.54,-62.43
2.11,64.54,-62.43
2.82,64.54,-61.72
2.82,64.54,-61.72
2.82,69.754,-66.934
2.82,74.02,-71.2
3.52,73.894,-70.374
3.52,73.74,-70.22
3.52,73.74,-70.22
3.52,73.74,-70.22
3.52,73.74,-70.22
3.52,78.9225,-75.4025
3.52,80.65,-77.13
3.52,80.13,-76.61
3.52,79.35,-75.83
3.52,79.35,-75.83
4.23,79.35,-75.12
4.23,79.35,-75.12
4.23,80.278,-76.048
4.23,83.99,-79.76
3.52,83.99,-80.47
4.23,80.7505,-76.5205
4.23,80.58,-76.35
4.23,80.58,-76.35
4.23,80.58,-76.35
4.94,80.58,-75.64
5.64,80.476,-74.836
5.64,80.45,-74.81
6.35,80.281,-73.931
7.76,80.19,-72.43
7.76,80.19,-72.43
9.17,80.19,-71.02
9.88,80.19,-70.31
10.58,80.6345,-70.0545
11.29,81.46,-70.17
12.7,81.4375,-68.7375
12.7,81.37,-68.67
13.41,81.37,-67.96
14.11,81.37,-67.26
15.52,81.37,-65.85
16.23,81.442,-65.212
16.94,81.85,-64.91
16.94,81.85,-64.91
17.64,81.8755,-64.2355
18.35,81.88,-63.53
18.35,81.88,-63.53
19.05,81.88,-62.83
19.05,81.88,-62.83
19.76,82.45,-62.69
19.76,82.4475,-62.6875
20.47,82.44,-61.97
20.47,82.44,-61.97
21.17,82.44,-61.27
21.88,82.44,-60.56
22.58,82.522,-59.942
22.58,82.85,-60.27
23.29,82.949,-59.659
23.29,83.84,-60.55
24,83.84,-59.84
24,83.84,-59.84
24.7,83.84,-59.14
25.41,83.84,-58.43
26.11,84.515,-58.405
26.82,84.59,-57.77
27.52,84.875,-57.355
28.23,84.97,-56.74
28.23,84.97,-56.74
28.94,84.97,-56.03
29.64,84.97,-55.33
30.35,84.765,-54.415
31.76,84.56,-52.8
31.76,84.926,-53.166
32.47,85.17,-52.7
32.47,85.17,-52.7
32.47,85.17,-52.7
32.47,85.17,-52.7
32.47,85.053,-52.583
32.47,84.78,-52.31
32.47,84.705,-52.235
33.17,84.53,-51.36
32.47,84.53,-52.06
33.17,84.53,-51.36
33.17,84.53,-51.36
33.88,84.53,-50.65
33.88,84.4365,-50.5565
35.29,84.4025,-49.1125
36,84.35,-48.35
36.7,84.35,-47.65
37.41,84.35,-46.94
37.41,84.35,-46.94
38.82,84.35,-45.53
39.52,84.35,-44.83
40.23,84.34,-44.11
40.94,84.3,-43.36
41.64,84.3,-42.66
43.05,84.3,-41.25
43.76,84.3,-40.54
45.17,84.336,-39.166
45.88,84.42,-38.54
47.29,84.24,-36.95
48.7,83.97,-35.27
49.41,83.97,-34.56
50.82,83.97,-33.15
52.23,83.97,-31.74
53.64,83.97,-30.33
55.05,84.06,-29.01
56.47,83.9635,-27.4935
57.88,83.36,-25.48
60,83.36,-23.36
61.41,83.36,-21.95
62.82,83.36,-20.54
64.23,83.36,-19.13
65.64,83.504,-17.864
67.05,83.68,-16.63
68.47,83.55,-15.08
69.88,83.48,-13.6
70.58,83.48,-12.9
72,83.48,-11.48
72.7,83.48,-10.78
74.11,83.4925,-9.3825
74.82,83.73,-8.91
75.52,83.7625,-8.2425
76.23,83.86,-7.63
77.64,83.86,-6.22
78.35,83.86,-5.51
79.05,83.86,-4.81
80.47,83.86,-3.39
81.17,84.13,-2.96
82.58,84.121,-1.541
83.29,84.1,-0.81
84,84.1,-0.1
85.41,84.1,1.31
86.11,84.1,2.01
86.82,84.1,2.72
87.52,84.165,3.355
87.52,84.2,3.32
88.23,84.08,4.15
88.94,84.08,4.86
88.94,84.08,4.86
89.64,84.08,5.56
90.35,84.08,6.27
90.35,84.095,6.255
90.35,84.14,6.21
91.05,84.023,7.027
90.35,84.01,6.34
90.35,84.01,6.34
90.35,84.01,6.34
90.35,84.01,6.34
89.64,84.0325,5.6075
89.64,84.06,5.58
89.64,84.041,5.599
89.64,84.04,5.6
88.94,84.04,4.9
89.64,84.04,5.6
89.64,84.04,5.6
89.64,84.048,5.592
89.64,84.08,5.56
89.64,84.08,5.56
89.64,84.08,5.56
89.64,84.08,5.56
89.64,84.08,5.56
89.64,84.08,5.56
89.64,84.0845,5.5555
89.64,84.11,5.53
89.64,84.0935,5.5465
89.64,84.08,5.56
89.64,84.08,5.56
89.64,84.08,5.56
89.64,84.08,5.56
89.64,84.08,5.56
89.64,84.11,5.53
89.64,84.1075,5.5325
89.64,84.07,5.57
89.64,84.07,5.57
89.64,84.07,5.57
89.64,84.07,5.57
89.64,84.07,5.57
89.64,84.086,5.554
89.64,84.11,5.53
88.94,84.09,4.85
88.94,84.09,4.85
88.94,84.09,4.85
88.94,84.09,4.85
88.94,84.09,4.85
88.94,84.092,4.848
88.94,84.11,4.83
88.94,84.1165,4.8235
88.94,84.12,4.82
88.94,84.12,4.82
88.94,84.12,4.82
88.94,84.12,4.82
88.94,84.124,4.816
88.94,84.14,4.8
88.94,84.14,4.8
88.94,84.14,4.8
88.94,84.14,4.8
88.94,84.14,4.8
88.94,84.14,4.8
88.94,84.1505,4.7895
88.94,84.21,4.73
88.94,84.194,4.746
88.94,84.19,4.75
88.94,84.19,4.75
88.94,84.19,4.75
88.23,84.19,4.04
88.94,84.19,4.75
88.23,84.204,4.026
88.23,84.19,4.04
88.94,84.17,4.77
88.94,84.17,4.77
88.94,84.17,4.77
88.94,84.17,4.77
88.94,84.17,4.77
88.94,84.183,4.757
88.94,84.1865,4.7535
88.94,84.18,4.76
88.23,84.18,4.05
88.94,84.18,4.76
88.23,84.18,4.05
88.23,84.18,4.05
88.23,84.183,4.047
88.94,84.2,4.74
88.23,84.2,4.03
88.94,84.2,4.74
88.23,84.2,4.03
88.94,84.2,4.74
88.94,84.2,4.74
88.94,84.2,4.74
88.94,84.242,4.698
88.23,84.2465,3.9835
88.94,84.23,4.71
88.23,84.23,4
88.23,84.23,4
88.94,84.23,4.71
88.23,84.23,4
88.94,84.2225,4.7175
88.23,84.22,4.01
88.23,84.22,4.01
88.23,84.22,4.01
88.23,84.22,4.01
88.23,84.22,4.01
88.23,84.22,4.01
88.23,84.253,3.977
88.23,84.268,3.962
88.23,84.25,3.98
88.23,84.25,3.98
88.23,84.25,3.98
88.23,84.25,3.98
88.23,84.25,3.98
88.23,84.25,3.98
88.23,84.68,3.55
88.23,84.561,3.669
88.23,84.54,3.69
88.23,84.54,3.69
88.23,84.54,3.69
88.23,84.99,3.24
88.23,85.5,2.73
88.23,85.44,2.79
88.23,85.44,2.79
88.23,85.44,2.79
88.23,85.44,2.79
88.23,85.44,2.79
88.23,85.44,2.79
88.23,84.775,3.455
88.23,84.64,3.59
88.23,84.64,3.59
88.23,84.64,3.59
88.23,84.64,3.59
88.23,84.64,3.59
88.23,84.64,3.59
88.23,84.395,3.835
88.23,84.1115,4.1185
88.23,84.08,4.15
88.23,84.08,4.15
88.23,84.08,4.15
88.23,84.08,4.15
88.23,84.08,4.15
88.23,84.044,4.186
88.23,84.0455,4.1845
88.23,84.15,4.08
88.23,84.15,4.08
88.23,84.15,4.08
88.23,84.15,4.08
88.23,84.15,4.08
88.23,84.146,4.084
88.23,84.142,4.088
88.23,84.16,4.07
88.23,84.16,4.07
88.23,84.16,4.07
88.23,84.16,4.07
88.23,84.16,4.07
88.23,84.161,4.069
88.23,84.174,4.056
88.23,84.16,4.07
88.23,84.16,4.07
88.23,84.16,4.07
88.23,84.16,4.07
88.23,84.16,4.07
88.23,84.16,4.07
88.23,84.173,4.057
88.23,84.15,4.08
88.23,84.14,4.09
88.23,84.14,4.09
88.23,84.14,4.09
88.23,84.14,4.09
88.23,84.14,4.09
88.23,84.14,4.09
88.23,84.1625,4.0675
88.23,84.19,4.04
88.23,84.19,4.04
88.23,84.19,4.04
88.23,84.19,4.04
88.23,84.19,4.04
88.23,84.186,4.044
88.23,84.212,4.018
88.23,84.29,3.94
88.23,84.29,3.94
88.23,84.29,3.94
88.23,84.29,3.94
88.23,84.29,3.94
88.23,84.29,3.94
88.23,84.0695,4.1605
88.23,84.88,3.35
88.23,84.88,3.35
88.23,84.88,3.35
88.23,84.88,3.35
88.23,84.88,3.35
88.23,84.88,3.35
88.23,83.548,4.682
88.23,85.434,2.796
88.23,85.58,2.65
88.23,85.58,2.65
88.23,85.58,2.65
88.23,85.58,2.65
88.23,85.58,2.65
88.23,85.816,2.414
88.94,88.264,0.676
88.23,88.66,-0.43
88.23,88.66,-0.43
88.23,88.66,-0.43
88.23,88.66,-0.43
88.23,88.66,-0.43
88.23,88.66,-0.43
88.23,-70.6555,158.8855
88.23,-89.06,177.29
88.23,-89.06,177.29
88.23,-89.06,177.29
88.23,-89.06,177.29
88.23,-89.06,177.29
88.23,-89.0325,177.2625
88.23,-88.765,176.995
88.23,-89.02,177.25
88.23,-89.02,177.25
88.23,-89.02,177.25
88.23,-89.02,177.25
88.23,-89.02,177.25
88.23,-89.02,177.25
88.23,-88.262,176.492
88.23,-88.73,176.96
88.23,-88.73,176.96
88.23,-88.73,176.96
88.23,-88.73,176.96
88.23,-88.73,176.96
88.23,-88.73,176.96
88.23,-53.37,141.6
88.23,88.88,-0.65
88.23,88.88,-0.65
88.23,88.88,-0.65
88.94,88.88,0.06
88.23,88.88,-0.65
88.23,88.88,-0.65
88.23,88.9605,-0.7305
88.94,88.578,0.362
88.94,88.55,0.39
88.94,88.55,0.39
88.94,88.55,0.39
88.94,88.55,0.39
88.94,88.55,0.39
88.94,88.5935,0.3465
89.64,88.839,0.801
89.64,88.59,1.05
89.64,88.59,1.05
89.64,88.59,1.05
89.64,88.59,1.05
89.64,88.59,1.05
89.64,88.59,1.05
88.94,88.642,0.298
88.94,88.65,0.29
88.94,88.65,0.29
88.94,88.65,0.29
88.94,88.65,0.29
88.94,88.65,0.29
88.94,88.6575,0.2825
88.94,88.6925,0.2475
88.23,88.69,-0.46
88.94,88.69,0.25
88.94,88.69,0.25
88.94,88.69,0.25
88.23,88.69,-0.46
88.23,88.69,-0.46
88.94,88.717,0.223
88.94,88.72,0.22
88.94,88.72,0.22
88.23,88.72,-0.49
88.23,88.72,-0.49
88.94,88.72,0.22
88.94,88.72,0.22
88.94,88.722,0.218
88.94,88.72,0.22
88.23,88.72,-0.49
88.23,88.72,-0.49
88.23,88.72,-0.49
88.94,88.72,0.22
88.94,88.72,0.22
88.94,88.72,0.22
88.94,88.72,0.22
88.23,88.72,-0.49
88.94,88.72,0.22
88.94,88.72,0.22
88.94,88.72,0.22
88.23,88.72,-0.49
88.94,88.72,0.22
88.94,88.7395,0.2005
88.23,88.75,-0.52
88.23,88.75,-0.52
88.94,88.75,0.19
88.94,88.75,0.19
88.23,88.75,-0.52
88.94,88.75,0.19
88.94,88.754,0.186
88.94,88.75,0.19
88.94,88.75,0.19
88.94,88.75,0.19
88.94,88.75,0.19
88.94,88.75,0.19
88.23,88.75,-0.52
88.94,88.77,0.17
88.94,88.79,0.15
88.94,88.79,0.15
88.94,88.79,0.15
88.94,88.79,0.15
88.94,88.79,0.15
88.23,88.79,-0.56
88.94,88.781,0.159
88.94,88.43,0.51
88.94,88.43,0.51
88.94,88.43,0.51
88.94,88.43,0.51
88.94,88.43,0.51
88.94,88.43,0.51
88.94,88.43,0.51
88.94,88.2005,0.7395
88.94,88.12,0.82
88.94,88.12,0.82
89.64,88.12,1.52
90.35,88.12,2.23
91.05,88.12,2.93
91.76,88.12,3.64
92.47,87.92,4.55
92.47,87.72,4.75
93.17,87.72,5.45
93.17,87.72,5.45
93.17,87.72,5.45
93.88,87.72,6.16
93.88,87.72,6.16
94.58,87.601,6.979
94.58,87.58,7
95.29,87.58,7.71
95.29,87.58,7.71
95.29,87.58,7.71
95.29,87.58,7.71
95.29,87.58,7.71
95.29,77.997,17.293
95.29,85.21,10.08
95.29,85.21,10.08
95.29,85.21,10.08
95.29,85.21,10.08
95.29,85.21,10.08
95.29,85.21,10.08
95.29,83.617,11.673
95.29,52.98,42.31
95.29,52.98,42.31
95.29,52.98,42.31
94.58,52.98,41.6
93.88,52.98,40.9
93.88,52.98,40.9
93.88,52.8835,40.9965
93.88,31.61,62.27
93.17,29.45,63.72
93.17,29.45,63.72
93.17,29.45,63.72
92.47,29.45,63.02
92.47,29.45,63.02
92.47,29.45,63.02
92.47,22.736,69.734
92.47,15.59,76.88
92.47,15.59,76.88
92.47,15.59,76.88
92.47,15.59,76.88
92.47,15.59,76.88
92.47,15.59,76.88
92.47,12.4865,79.9835
92.47,7.2,85.27
92.47,7.2,85.27
92.47,7.2,85.27
92.47,7.2,85.27
92.47,7.2,85.27
92.47,7.2,85.27
92.47,7.924,84.546
93.17,7.751,85.419
92.47,7.41,85.06
92.47,7.41,85.06
92.47,7.41,85.06
92.47,7.41,85.06
92.47,7.41,85.06
92.47,7.238,85.232
93.17,7.3175,85.8525
92.47,7.86,84.61
92.47,7.86,84.61
92.47,7.86,84.61
92.47,7.86,84.61
93.17,7.86,85.31
93.17,7.86,85.31
92.47,7.6405,84.8295
93.17,7.64,85.53
92.47,7.64,84.83
92.47,7.64,84.83
93.17,7.64,85.53
92.47,7.64,84.83
92.47,7.64,84.83
92.47,7.54,84.93
93.17,7.158,86.012
92.47,7.16,85.31
93.17,7.16,86.01
92.47,7.16,85.31
93.17,7.16,86.01
93.17,7.16,86.01
93.17,7.16,86.01
92.47,6.8635,85.6065
92.47,6.87,85.6
92.47,6.87,85.6
92.47,6.87,85.6
92.47,6.87,85.6
92.47,6.87,85.6
92.47,6.87,85.6
93.17,6.42,86.75
93.17,6.48,86.69
93.17,6.48,86.69
92.47,6.48,85.99
93.17,6.48,86.69
93.17,6.48,86.69
93.17,6.48,86.69
92.47,6.484,85.986
93.17,6.08,87.09
93.17,6.08,87.09
93.17,6.08,87.09
93.17,6.08,87.09
92.47,6.08,86.39
93.17,6.08,87.09
93.17,5.978,87.192
92.47,5.7485,86.7215
93.17,5.75,87.42
93.17,5.75,87.42
92.47,5.75,86.72
92.47,5.75,86.72
93.17,5.75,87.42
93.17,5.7145,87.4555
93.17,5.25,87.92
92.47,5.46,87.01
93.17,5.46,87.71
93.17,5.46,87.71
93.17,5.46,87.71
93.17,5.46,87.71
92.47,5.46,87.01
92.47,5.215,87.255
93.17,5.12,88.05
93.17,5.12,88.05
92.47,5.12,87.35
92.47,5.12,87.35
92.47,5.12,87.35
93.17,5.165,88.005
92.47,4.941,87.529
92.47,4.91,87.56
92.47,4.91,87.56
93.17,4.91,88.26
92.47,4.91,87.56
92.47,4.91,87.56
93.17,5.117,88.053
93.17,4.642,88.528
93.17,4.46,88.71
93.17,4.46,88.71
93.17,4.46,88.71
93.17,4.46,88.71
93.17,4.46,88.71
93.17,4.5375,88.6325
91.76,4.374,87.386
89.64,4.05,85.59
86.82,4.05,82.77
83.29,4.05,79.24
79.05,4.05,75
73.41,4.05,69.36
67.76,4.05,63.71
62.11,3.854,58.256
57.17,3.84,53.33
52.23,3.84,48.39
47.29,3.84,43.45
44.47,3.84,40.63
41.64,3.84,37.8
39.52,3.8275,35.6925
36.7,3.5525,33.1475
32.47,3.44,29.03
30.35,3.44,26.91
28.23,3.44,24.79
26.11,3.44,22.67
24,3.44,20.56
22.58,3.34,19.24
20.47,2.982,17.488
19.05,3.06,15.99
17.64,3.06,14.58
16.23,3.06,13.17
14.82,3.06,11.76
13.41,3.06,10.35
12,3.0775,8.9225
11.29,3.31,7.98
10.58,3.01,7.57
9.88,3.01,6.87
9.88,3.01,6.87
10.58,3.01,7.57
9.88,3.01,6.87
9.88,3.01,6.87
9.88,2.866,7.014
9.88,2.85,7.03
9.88,2.85,7.03
9.88,2.85,7.03
9.88,2.85,7.03
9.88,2.85,7.03
9.88,2.85,7.03
9.88,2.841,7.039
9.88,2.49,7.39
9.88,2.49,7.39
9.88,2.49,7.39
9.88,2.49,7.39
9.88,2.49,7.39
9.88,2.49,7.39
9.88,2.145,7.735
9.88,2.258,7.622
9.88,2.27,7.61
9.88,2.27,7.61
9.88,2.27,7.61
9.88,2.27,7.61
9.88,2.4425,7.4375
9.88,2.756,7.124
9.88,1.94,7.94
9.88,1.94,7.94
9.88,1.94,7.94
9.88,1.94,7.94
10.58,1.856,8.724
9.88,1.75,8.13
9.88,1.96,7.92
9.88,1.96,7.92
9.88,1.96,7.92
9.88,1.96,7.92
9.88,1.96,7.92
9.88,1.96,7.92
9.88,1.78,8.1
9.88,1.78,8.1
9.88,1.78,8.1
9.88,1.78,8.1
9.88,1.78,8.1
9.88,1.78,8.1
9.88,1.78,8.1
9.88,1.604,8.276
9.88,1.515,8.365
9.88,1.5,8.38
9.88,1.5,8.38
9.88,1.5,8.38
10.58,1.5,9.08
9.88,1.5,8.38
9.88,1.3785,8.5015
10.58,1.3105,9.2695
9.88,1.46,8.42
10.58,1.46,9.12
9.88,1.46,8.42
9.88,1.46,8.42
10.58,1.46,9.12
10.58,1.379,9.201
9.88,1.3185,8.5615
10.58,1.39,9.19
10.58,1.39,9.19
10.58,1.39,9.19
10.58,1.39,9.19
10.58,1.39,9.19
10.58,1.6485,8.9315
10.58,1.34,9.24
10.58,0.56,10.02
10.58,0.56,10.02
10.58,0.56,10.02
10.58,0.56,10.02
10.58,0.56,10.02
10.58,0.662,9.918
10.58,0.226,10.354
10.58,-0.53,11.11
10.58,-0.53,11.11
10.58,-0.53,11.11
10.58,-0.53,11.11
10.58,-0.53,11.11
10.58,-0.548,11.128
10.58,-0.82,11.4
10.58,-1.21,11.79
10.58,-1.21,11.79
10.58,-1.21,11.79
10.58,-1.21,11.79
10.58,-1.21,11.79
10.58,-1.186,11.766
10.58,-1.085,11.665
10.58,-0.83,11.41
10.58,-0.83,11.41
10.58,-0.83,11.41
10.58,-0.83,11.41
10.58,-0.83,11.41
10.58,-1.028,11.608
10.58,-1.19,11.77
10.58,-1.19,11.77
10.58,-1.19,11.77
10.58,-1.19,11.77
10.58,-1.19,11.77
10.58,-1.19,11.77
10.58,-1.351,11.931
10.58,-0.8665,11.4465
10.58,-0.19,10.77
11.29,-0.19,11.48
10.58,-0.19,10.77
10.58,-0.19,10.77
10.58,-0.19,10.77
10.58,-0.37,10.95
10.58,0.8,9.78
10.58,1.58,9
11.29,1.58,9.71
11.29,1.58,9.71
11.29,1.58,9.71
11.29,1.5575,9.7325
10.58,1.43,9.15
10.58,2.914,7.666
11.29,3.55,7.74
10.58,3.55,7.03
11.29,3.55,7.74
10.58,3.55,7.03
11.29,3.55,7.74
11.29,3.93,7.36
10.58,4.293,6.287
10.58,4.93,5.65
11.29,4.93,6.36
10.58,4.93,5.65
10.58,4.93,5.65
10.58,4.93,5.65
10.58,4.99,5.59
10.58,5.7765,4.8035
10.58,6.42,4.16
10.58,6.42,4.16
10.58,6.42,4.16
10.58,6.42,4.16
10.58,6.42,4.16
10.58,6.3535,4.2265
10.58,7.3625,3.2175
10.58,8.6,1.98
10.58,8.6,1.98
10.58,8.6,1.98
11.29,8.6,2.69
10.58,8.63,1.95
11.29,8.9,2.39
11.29,9.404,1.886
11.29,10.16,1.13
11.29,10.16,1.13
11.29,10.16,1.13
11.29,10.16,1.13
11.29,10.16,1.13
11.29,10.296,0.994
11.29,11.724,-0.434
11.29,13.83,-2.54
11.29,13.83,-2.54
11.29,13.83,-2.54
11.29,13.83,-2.54
11.29,13.83,-2.54
10.58,14.438,-3.858
11.29,15.605,-4.315
11.29,19.01,-7.72
11.29,19.01,-7.72
11.29,19.01,-7.72
11.29,19.01,-7.72
11.29,19.0385,-7.7485
11.29,19.2,-7.91
11.29,19.928,-8.638
11.29,21.02,-9.73
11.29,21.02,-9.73
11.29,21.02,-9.73
11.29,21.02,-9.73
11.29,21.038,-9.748
11.29,21.11,-9.82
11.29,21.938,-10.648
11.29,22.95,-11.66
11.29,22.95,-11.66
11.29,22.95,-11.66
11.29,22.95,-11.66
12,22.9675,-10.9675
11.29,23.02,-11.73
11.29,23.836,-12.546
11.29,24.38,-13.09
11.29,24.38,-13.09
12,24.38,-12.38
12,24.38,-12.38
11.29,24.396,-13.106
12,24.46,-12.46
11.29,24.91,-13.62
11.29,25.46,-14.17
11.29,25.46,-14.17
11.29,25.46,-14.17
10.58,25.46,-14.88
10.58,25.468,-14.888
10.58,25.5,-14.92
10.58,25.815,-15.235
10.58,26.4,-15.82
10.58,26.4,-15.82
10.58,26.4,-15.82
10.58,26.4,-15.82
9.88,26.4,-16.52
9.88,26.438,-16.558
9.17,26.7165,-17.5465
9.17,27.23,-18.06
9.17,27.23,-18.06
9.17,27.23,-18.06
9.17,27.23,-18.06
9.17,27.234,-18.064
9.17,27.27,-18.1
9.17,27.538,-18.368
9.17,27.94,-18.77
9.17,27.94,-18.77
9.88,27.94,-18.06
9.88,27.94,-18.06
9.88,27.943,-18.063
9.88,27.96,-18.08
9.88,28.3065,-18.4265
9.88,28.59,-18.71
9.88,28.59,-18.71
9.88,28.59,-18.71
9.88,28.59,-18.71
9.88,28.59,-18.71
9.88,28.59,-18.71
9.88,28.85,-18.97
9.88,29.11,-19.23
9.88,29.11,-19.23
10.58,29.11,-18.53
10.58,29.11,-18.53
11.29,29.11,-17.82
11.29,29.11,-17.82
12,29.225,-17.225
12,29.57,-17.57
12.7,29.57,-16.87
12.7,29.57,-16.87
13.41,29.57,-16.16
14.11,29.571,-15.461
14.82,29.59,-14.77
15.52,29.629,-14.109
16.23,29.98,-13.75
16.94,29.98,-13.04
16.94,29.98,-13.04
18.35,29.98,-11.63
18.35,29.98,-11.63
18.35,29.98,-11.63
19.05,29.98,-10.93
19.05,30.2935,-11.2435
19.05,30.31,-11.26
19.05,30.31,-11.26
19.76,30.31,-10.55
19.76,30.318,-10.558
20.47,30.35,-9.88
20.47,30.38,-9.91
20.47,30.65,-10.18
20.47,30.65,-10.18
21.17,30.65,-9.48
21.17,30.65,-9.48
21.17,30.65,-9.48
21.88,30.65,-8.77
21.88,30.7765,-8.8965
21.88,30.88,-9
22.58,30.88,-8.3
23.29,30.88,-7.59
23.29,30.88,-7.59
24,30.8965,-6.8965
24,30.91,-6.91
24.7,30.987,-6.287
25.41,31.13,-5.72
25.41,31.13,-5.72
26.11,31.13,-5.02
26.11,31.13,-5.02
26.11,31.1335,-5.0235
26.11,31.14,-5.03
26.82,31.159,-4.339
26.82,31.33,-4.51
27.52,31.33,-3.81
27.52,31.33,-3.81
28.94,31.33,-2.39
29.64,31.3285,-1.6885
30.35,31.32,-0.97
31.76,31.32,0.44
33.17,31.473,1.697
34.58,31.49,3.09
35.29,31.49,3.8
38.11,31.49,6.62
38.82,31.491,7.329
38.82,31.5,7.32
39.52,31.5,8.02
39.52,31.619,7.901
39.52,31.64,7.88
40.23,31.64,8.59
40.23,31.64,8.59
40.23,31.64,8.59
40.23,31.64,8.59
40.23,31.64,8.59
40.23,31.773,8.457
40.23,31.78,8.45
40.23,31.78,8.45
40.23,31.78,8.45
40.23,31.775,8.455
40.23,31.77,8.46
40.94,31.794,9.146
40.23,31.89,8.34
40.94,31.89,9.05
40.94,31.89,9.05
40.94,31.89,9.05
40.94,31.89,9.05
40.94,31.89,9.05
40.94,31.89,9.05
40.94,32.01,8.93
40.94,32.01,8.93
40.94,32.01,8.93
40.94,32.01,8.93
40.94,32.0125,8.9275
40.94,32.02,8.92
40.23,32.02,8.21
40.94,32.092,8.848
40.94,32.1,8.84
40.94,32.1,8.84
40.94,32.1,8.84
40.94,32.1025,8.8375
40.94,32.11,8.83
40.94,32.11,8.83
40.94,32.159,8.781
40.94,32.18,8.76
40.94,32.18,8.76
40.94,32.18,8.76
40.94,32.18,8.76
40.94,32.18,8.76
40.94,32.18,8.76
40.94,32.225,8.715
40.94,32.24,8.7
40.23,32.24,7.99
40.94,32.24,8.7
40.94,32.24,8.7
40.94,32.24,8.7
40.94,32.24,8.7
40.94,32.2675,8.6725
40.94,32.29,8.65
40.94,32.29,8.65
40.94,32.29,8.65
40.94,32.29,8.65
40.94,32.29,8.65
40.94,32.29,8.65
40.94,32.32,8.62
40.94,32.33,8.61
40.94,32.33,8.61
40.94,32.33,8.61
40.94,32.3315,8.6085
40.94,32.34,8.6
40.94,32.34,8.6
40.94,32.36,8.58
40.94,32.38,8.56
40.94,32.38,8.56
40.94,32.38,8.56
40.94,32.38,8.56
40.23,32.38,7.85
40.94,32.38,8.56
40.94,32.386,8.554
40.23,32.41,7.82
40.94,32.41,8.53
40.94,32.41,8.53
40.94,32.41,8.53
40.94,32.41,8.53
40.94,32.41,8.53
40.94,32.4225,8.5175
40.94,32.46,8.48
40.94,32.46,8.48
40.94,32.46,8.48
40.23,32.46,7.77
40.23,32.46,7.77
40.94,32.46,8.48
40.94,32.4615,8.4785
40.94,32.49,8.45
40.94,32.49,8.45
40.94,32.49,8.45
40.94,32.49,8.45
40.94,32.503,8.437
40.94,32.51,8.43
40.94,32.51,8.43
40.23,32.5355,7.6945
40.94,32.54,8.4
40.94,32.54,8.4
40.94,32.54,8.4
40.94,32.54,8.4
40.94,32.54,8.4
40.23,32.54,7.69
40.94,32.561,8.379
40.94,32.57,8.37
40.94,32.57,8.37
40.94,32.57,8.37
40.23,32.5615,7.6685
40.94,32.56,8.38
40.94,32.56,8.38
40.94,32.58,8.36
40.23,32.58,7.65
40.94,32.58,8.36
40.23,32.58,7.65
40.94,32.574,8.366
40.23,32.57,7.66
40.94,32.574,8.366
40.23,32.59,7.64
40.23,32.59,7.64
40.94,32.59,8.35
40.94,32.59,8.35
40.94,32.5985,8.3415
40.23,32.6,7.63
40.94,32.6,8.34
40.94,32.6255,8.3145
40.94,32.63,8.31
40.94,32.63,8.31
40.94,32.63,8.31
40.94,32.623,8.317
40.94,32.62,8.32
40.94,32.62,8.32
40.94,32.6135,8.3265
40.23,32.61,7.62
40.23,32.61,7.62
40.94,32.61,8.33
40.94,32.598,8.342
40.94,32.58,8.36
40.94,32.594,8.346
40.94,32.62,8.32
40.23,32.62,7.61
40.94,32.62,8.32
40.94,32.611,8.329
40.23,32.59,7.64
40.23,32.59,7.64
40.23,32.587,7.643
40.94,32.57,8.37
40.23,32.57,7.66
40.23,32.57,7.66
40.94,32.57,8.37
40.94,32.604,8.336
40.94,32.61,8.33
40.23,32.6135,7.6165
40.94,32.62,8.32
40.23,32.62,7.61
40.94,32.62,8.32
40.23,32.62,7.61
40.23,32.62,7.61
40.23,32.62,7.61
40.23,32.62,7.61
40.23,32.62,7.61
40.23,32.62,7.61
40.23,32.62,7.61
40.94,32.6195,8.3205
40.23,32.61,7.62
40.23,32.61,7.62
40.94,32.61,8.33
40.23,32.629,7.601
40.94,32.63,8.31
40.23,32.63,7.6
40.94,32.63,8.31
40.23,32.63,7.6
40.23,32.63,7.6
40.94,32.63,8.31
40.94,32.6375,8.3025
40.94,32.64,8.3
40.94,32.64,8.3
40.94,32.64,8.3
40.23,32.632,7.598
40.94,32.63,8.31
40.23,32.63,7.6
40.23,32.651,7.579
40.23,32.66,7.57
40.23,32.66,7.57
40.94,32.66,8.28
40.94,32.66,8.28
40.23,32.66,7.57
40.23,32.66,7.57
40.23,32.672,7.558
40.23,32.69,7.54
40.23,32.69,7.54
40.94,32.69,8.25
40.23,32.672,7.558
40.23,32.67,7.56
40.23,32.67,7.56
40.23,32.678,7.552
40.94,32.68,8.26
40.23,32.68,7.55
40.94,32.68,8.26
40.23,32.687,7.543
40.23,32.69,7.54
40.23,32.69,7.54
40.23,32.687,7.543
40.94,32.68,8.26
40.94,32.68,8.26
40.23,32.68,7.55
40.23,32.6865,7.5435
40.23,32.69,7.54
40.94,32.69,8.25
40.23,32.694,7.536
40.23,32.71,7.52
40.23,32.71,7.52
40.23,32.71,7.52
40.23,32.708,7.522
40.23,32.7,7.53
40.94,32.7,8.24
40.23,32.7,7.53
40.23,32.721,7.509
40.23,32.73,7.5
40.23,32.73,7.5
40.23,32.73,7.5
40.23,32.721,7.509
40.94,32.72,8.22
40.23,32.72,7.51
40.23,32.7165,7.5135
40.94,32.71,8.23
40.23,32.71,7.52
40.23,32.71,7.52
40.23,32.7015,7.5285
40.94,32.7,8.24
40.23,32.7,7.53
40.23,32.6975,7.5325
40.23,32.69,7.54
40.23,32.69,7.54
40.23,32.69,7.54
40.23,32.69,7.54
40.23,32.69,7.54
40.23,32.69,7.54
40.94,32.69,8.25
40.23,32.69,7.54
40.94,32.69,8.25
40.94,32.69,8.25
40.23,32.69,7.54
40.23,32.69,7.54
40.23,32.69,7.54
40.23,32.69,7.54
40.23,32.6805,7.5495
40.23,32.68,7.55
40.94,32.68,8.26
40.23,32.68,7.55
40.23,32.68,7.55
40.23,32.68,7.55
40.23,32.68,7.55
40.23,32.688,7.542
40.94,32.69,8.25
40.23,32.69,7.54
40.23,32.688,7.542
40.23,32.67,7.56
40.23,32.67,7.56
40.94,32.67,8.27
40.23,32.676,7.554
40.23,32.68,7.55
40.23,32.68,7.55
40.23,32.68,7.55
40.23,32.68,7.55
40.23,32.68,7.55
40.23,32.68,7.55
40.23,32.667,7.563
40.23,32.66,7.57
40.23,32.66,7.57
40.23,32.66,7.57
40.23,32.66,7.57
40.23,32.66,7.57
40.23,32.66,7.57
40.23,32.66,7.57
40.23,32.66,7.57
40.23,32.66,7.57
40.23,32.66,7.57
40.23,32.6695,7.5605
40.23,32.67,7.56
40.23,32.67,7.56
40.23,32.674,7.556
40.23,32.69,7.54
40.23,32.69,7.54
40.23,32.69,7.54
40.23,32.69,7.54
40.23,32.69,7.54
40.23,32.69,7.54
40.23,32.6875,7.5425
40.23,32.68,7.55
40.23,32.68,7.55
40.23,32.68,7.55
40.23,32.68,7.55
40.23,32.68,7.55
40.23,32.68,7.55
40.23,32.68,7.55
40.23,32.68,7.55
40.23,32.68,7.55
40.23,32.68,7.55
40.23,32.673,7.557
40.23,32.67,7.56
40.23,32.67,7.56
40.23,32.6765,7.5535
40.23,32.68,7.55
40.23,32.68,7.55
40.23,32.68,7.55
40.23,32.68,7.55
40.23,32.68,7.55
40.23,32.68,7.55
40.23,32.6765,7.5535
40.23,32.67,7.56
40.23,32.67,7.56
40.23,32.671,7.559
40.23,32.68,7.55
40.23,32.68,7.55
40.23,32.68,7.55
40.23,32.678,7.552
40.23,32.67,7.56
40.23,32.67,7.56
40.23,32.67,7.56
40.23,32.6785,7.5515
40.23,32.68,7.55
40.23,32.68,7.55
40.23,32.68,7.55
40.23,32.68,7.55
40.23,32.68,7.55
40.23,32.68,7.55
40.23,32.673,7.557
40.23,32.67,7.56
40.23,32.67,7.56
40.23,32.67,7.56
40.23,32.649,7.581
40.23,32.64,7.59
40.23,32.64,7.59
40.23,32.632,7.598
40.23,32.63,7.6
40.23,32.63,7.6
40.23,32.63,7.6
40.23,32.6375,7.5925
40.23,32.64,7.59
40.23,32.64,7.59
40.23,32.865,7.365
40.23,32.89,7.34
40.23,32.89,7.34
40.23,32.89,7.34
40.23,32.0655,8.1645
40.23,31.92,8.31
40.23,31.9295,8.3005
40.23,32.11,8.12
40.23,32.11,8.12
40.23,32.11,8.12
40.23,31.948,8.282
40.23,28.87,11.36
40.23,28.87,11.36
40.23,28.894,11.336
40.23,29.11,11.12
40.23,29.11,11.12
40.23,29.11,11.12
40.23,29.11,11.12
40.23,26.392,13.838
40.23,26.09,14.14
40.23,26.09,14.14
40.23,26.6085,13.6215
40.23,26.7,13.53
40.23,26.7,13.53
40.23,26.7,13.53
40.23,26.861,13.369
40.23,26.93,13.3
40.23,26.93,13.3
40.23,27.154,13.076
40.23,27.25,12.98
40.23,27.25,12.98
40.23,27.25,12.98
40.23,28.6765,11.5535
40.23,30.42,9.81
40.23,30.81,9.42
40.23,33.02,7.21
40.23,33.02,7.21
40.23,33.02,7.21
40.23,33.02,7.21
40.23,41.061,-0.831
40.23,42.48,-2.25
40.23,42.48,-2.25
40.23,45.656,-5.426
40.23,46.45,-6.22
40.23,46.45,-6.22
40.23,46.45,-6.22
40.23,50.48,-10.25
40.23,54.51,-14.28
40.23,54.51,-14.28
40.23,56.538,-16.308
40.23,57.89,-17.66
40.23,57.89,-17.66
40.23,57.89,-17.66
40.23,60.0965,-19.8665
40.23,72.6,-32.37
40.23,72.6,-32.37
40.23,72.318,-32.088
40.23,72.13,-31.9
40.23,72.13,-31.9
40.23,72.13,-31.9
40.23,72.6885,-32.4585
40.23,83.3,-43.07
40.23,83.3,-43.07
40.23,82.77,-42.54
40.23,80.65,-40.42
40.23,80.65,-40.42
40.23,80.65,-40.42
40.23,80.65,-40.42
40.23,83.602,-43.372
40.23,84.34,-44.11
40.23,84.21,-43.98
40.23,81.74,-41.51
40.23,81.74,-41.51
40.23,81.74,-41.51
40.23,81.74,-41.51
40.23,81.996,-41.766
40.23,82.06,-41.83
40.23,82.026,-41.796
40.23,81.72,-41.49
40.23,81.72,-41.49
40.23,81.72,-41.49
40.23,81.72,-41.49
40.23,81.8305,-41.6005
40.23,81.85,-41.62
40.23,81.85,-41.62
40.23,81.85,-41.62
40.23,81.85,-41.62
40.23,81.85,-41.62
40.23,81.85,-41.62
40.23,81.918,-41.688
40.23,81.93,-41.7
40.23,81.93,-41.7
40.23,81.93,-41.7
40.23,81.93,-41.7
40.23,81.93,-41.7
40.23,81.93,-41.7
40.23,81.96,-41.73
40.23,81.99,-41.76
40.23,81.99,-41.76
40.23,81.997,-41.767
40.23,82,-41.77
40.23,82,-41.77
40.23,82,-41.77
40.23,82.035,-41.805
40.23,82.07,-41.84
40.23,82.07,-41.84
40.23,82.062,-41.832
40.23,82.06,-41.83
40.23,82.06,-41.83
40.23,82.06,-41.83
40.23,82.09,-41.86
40.23,82.12,-41.89
40.23,82.12,-41.89
40.23,82.112,-41.882
40.23,82.11,-41.88
40.23,82.11,-41.88
40.23,82.11,-41.88
40.23,82.116,-41.886
40.23,82.15,-41.92
40.23,82.15,-41.92
40.23,82.132,-41.902
40.23,82.12,-41.89
40.23,82.12,-41.89
40.23,82.12,-41.89
40.23,82.12,-41.89
40.23,82.1625,-41.9325
39.52,82.17,-42.65
40.23,82.1655,-41.9355
40.23,82.16,-41.93
40.23,82.16,-41.93
40.23,82.16,-41.93
40.23,82.16,-41.93
40.23,82.182,-41.952
40.23,82.2,-41.97
40.23,82.198,-41.968
39.52,82.18,-42.66
39.52,82.18,-42.66
39.52,82.18,-42.66
38.82,82.18,-43.36
38.11,82.189,-44.079
37.41,82.21,-44.8
37.41,82.21,-44.8
36.7,82.182,-45.482
36,82.17,-46.17
36,82.17,-46.17
35.29,82.17,-46.88
34.58,82.176,-47.596
34.58,82.2,-47.62
33.88,82.2,-48.32
33.88,82.1805,-48.3005
33.17,82.17,-49
33.17,82.17,-49
33.17,82.17,-49
33.17,82.17,-49
33.17,82.2,-49.03
33.88,82.2,-48.32
33.88,82.194,-48.314
33.88,82.19,-48.31
34.58,82.19,-47.61
34.58,82.19,-47.61
35.29,82.19,-46.9
35.29,82.204,-46.914
36.7,82.21,-45.51
38.11,82.203,-44.093
39.52,82.19,-42.67
40.94,82.19,-41.25
43.05,82.19,-39.14
45.17,82.19,-37.02
47.29,82.197,-34.907
48.7,82.21,-33.51
50.82,82.209,-31.389
52.94,82.19,-29.25
55.05,82.19,-27.14
56.47,82.19,-25.72
57.88,82.19,-24.31
59.29,82.1865,-22.8965
60.7,82.18,-21.48
62.11,82.18,-20.07
64.23,82.17,-17.94
66.35,82.17,-15.82
68.47,82.17,-13.7
70.58,82.17,-11.59
72.7,82.17,-9.47
74.11,82.1785,-8.0685
76.23,82.18,-5.95
77.64,82.18,-4.54
79.05,82.18,-3.13
81.17,82.18,-1.01
83.29,82.18,1.11
84.7,82.18,2.52
85.41,82.18,3.23
86.82,82.18,4.64
87.52,82.168,5.352
87.52,82.16,5.36
88.23,82.16,6.07
88.94,82.16,6.78
88.94,82.143,6.797
88.94,82.14,6.8
88.94,82.125,6.815
88.23,82.12,6.11
88.23,82.12,6.11
88.23,82.12,6.11
88.23,82.12,6.11
88.23,82.1285,6.1015
87.52,82.13,5.39
88.23,82.144,6.086
88.23,82.15,6.08
88.23,82.15,6.08
87.52,82.15,5.37
88.23,82.15,6.08
88.23,82.1175,6.1125
88.23,82.02,6.21
88.23,82.08,6.15
87.52,82.42,5.1
88.23,82.42,5.81
88.23,82.42,5.81
88.23,82.42,5.81
88.23,82.42,5.81
88.23,81.91,6.32
88.23,82.039,6.191
88.23,83.2,5.03
88.23,83.2,5.03
88.23,83.2,5.03
87.52,83.2,4.32
88.23,82.664,5.566
88.23,77.84,10.39
87.52,77.9615,9.5585
87.52,80.27,7.25
88.23,80.27,7.96
88.23,80.27,7.96
87.52,80.27,7.25
88.23,80.27,7.96
88.23,62.414,25.816
88.23,57.95,30.28
88.23,56.807,31.423
87.52,56.68,30.84
88.23,56.68,31.55
88.23,56.68,31.55
87.52,56.68,30.84
88.23,46.74,41.49
87.52,36.8,50.72
88.23,36.764,51.466
88.23,36.72,51.51
88.23,36.72,51.51
87.52,36.72,50.8
88.23,36.72,51.51
88.23,36.72,51.51
88.23,21.1685,67.0615
88.23,20.5775,67.6525
88.23,21.26,66.97
88.23,21.26,66.97
87.52,21.26,66.26
88.23,21.26,66.97
88.23,21.26,66.97
88.23,11.026,77.204
87.52,6.64,80.88
87.52,8.6275,78.8925
88.23,9.29,78.94
88.23,9.29,78.94
88.23,9.29,78.94
88.23,9.29,78.94
88.23,7.9205,80.3095
87.52,6.8,80.72
88.23,6.618,81.612
87.52,6.52,81
88.23,6.52,81.71
88.23,6.52,81.71
88.23,6.52,81.71
88.23,6.44,81.79
88.23,6.2,82.03
88.23,6.416,81.814
88.23,6.74,81.49
88.23,6.74,81.49
88.23,6.74,81.49
88.23,6.74,81.49
87.52,6.74,80.78
88.23,7.062,81.168
88.23,7.2,81.03
88.23,6.928,81.302
88.23,6.88,81.35
88.23,6.88,81.35
87.52,6.88,80.64
88.23,6.88,81.35
88.23,6.8755,81.3545
88.23,6.79,81.44
88.23,6.65,81.58
88.23,6.44,81.79
88.23,6.44,81.79
88.23,6.44,81.79
88.23,6.44,81.79
88.23,6.44,81.79
87.52,6.5555,80.9645
88.23,6.65,81.58
87.52,6.5225,80.9975
88.23,6.5,81.73
88.23,6.5,81.73
87.52,6.5,81.02
88.23,6.5,81.73
88.23,6.5,81.73
88.23,6.842,81.388
88.23,6.35,81.88
88.23,6.26,81.97
88.23,6.26,81.97
87.52,6.26,81.26
88.23,6.26,81.97
88.23,6.251,81.979
88.23,6.08,82.15
88.23,6.074,82.156
88.23,6.06,82.17
88.23,6.06,82.17
87.52,6.06,81.46
88.23,6.06,82.17
88.23,6.06,82.17
88.23,6.3225,81.9075
88.23,6.41,81.82
88.23,6.16,82.07
88.23,6.16,82.07
88.23,6.16,82.07
88.23,6.16,82.07
88.23,6.16,82.07
87.52,6.207,81.313
88.23,6.63,81.6
87.52,6.174,81.346
88.23,5.87,82.36
87.52,5.87,81.65
88.23,5.87,82.36
87.52,5.87,81.65
87.52,5.87,81.65
87.52,5.9965,81.5235
88.23,6.057,82.173
87.52,5.67,81.85
88.23,5.67,82.56
87.52,5.67,81.85
87.52,5.67,81.85
88.23,5.67,82.56
88.23,5.986,82.244
88.23,7.25,80.98
88.23,6.483,81.747
87.52,6.07,81.45
88.23,6.07,82.16
88.23,6.07,82.16
88.23,6.07,82.16
88.23,6.276,81.954
88.23,7.1,81.13
88.23,7.338,80.892
88.23,7.44,80.79
87.52,7.44,80.08
87.52,7.44,80.08
88.23,7.44,80.79
88.23,7.5125,80.7175
88.23,8.89,79.34
88.23,8.458,79.772
88.23,8.17,80.06
88.23,8.17,80.06
88.94,8.17,80.77
88.23,8.17,80.06
87.52,8.17,79.35
86.11,11.4785,74.6315
84,12.924,71.076
81.17,11.58,69.59
77.64,11.58,66.06
74.82,11.58,63.24
71.29,11.58,59.71
67.76,11.58,56.18
64.23,15.2745,48.9555
60.7,19.57,41.13
57.17,18.91,38.26
54.35,18.91,35.44
51.52,18.91,32.61
48,18.91,29.09
45.88,18.91,26.97
42.35,20.552,21.798
40.23,27.12,13.11
37.41,26.184,11.226
34.58,26.08,8.5
32.47,26.08,6.39
30.35,26.08,4.27
27.52,26.08,1.44
25.41,26.836,-1.426
23.29,29.86,-6.57
21.88,29.499,-7.619
19.05,29.48,-10.43
,29.48,-29.48
,29.48,-29.48
,29.48,-29.48
,29.48,-29.48
,31.2905,-31.2905
,31.393,-31.393
,31.3,-31.3
,31.3,-31.3
,31.3,-31.3
,31.3,-31.3
,31.3,-31.3
,33.659,-33.659
,34.417,-34.417
,34.21,-34.21
,34.21,-34.21
,34.21,-34.21
,34.21,-34.21
,34.21,-34.21
,34.43,-34.43
,34.85,-34.85
,35.21,-35.21
,35.21,-35.21
,35.21,-35.21
,35.21,-35.21
,35.21,-35.21
,37.036,-37.036
,40.5865,-40.5865
,43.1,-43.1
,43.1,-43.1
,43.1,-43.1
,43.1,-43.1
,43.1,-43.1
,50.615,-50.615
,61.708,-61.708
,64.04,-64.04
,64.04,-64.04
,64.04,-64.04
,64.04,-64.04
,64.04,-64.04
,64.7915,-64.7915
,79.07,-79.07
,77.684,-77.684
,77.53,-77.53
,77.53,-77.53
,77.53,-77.53
,77.53,-77.53
,77.53,-77.53
,77.5685,-77.5685
,77.408,-77.408
,77.28,-77.28
,77.28,-77.28
,77.28,-77.28
,77.28,-77.28
,77.28,-77.28
,77.3115,-77.3115
,77.475,-77.475
,77.43,-77.43
,77.43,-77.43
,77.43,-77.43
,77.43,-77.43
,77.43,-77.43
,77.43,-77.43
,77.447,-77.447
,77.297,-77.297
,77.27,-77.27
,77.27,-77.27
,77.27,-77.27
,77.27,-77.27
,77.332,-77.332
,77.624,-77.624
,77.69,-77.69
,77.69,-77.69
,77.69,-77.69
,77.69,-77.69
,77.69,-77.69
,77.69,-77.69
,77.9875,-77.9875
,78.4865,-78.4865
,78.51,-78.51
,78.51,-78.51
,78.51,-78.51
,78.51,-78.51
,78.51,-78.51
,78.598,-78.598
,78.9445,-78.9445
,79.06,-79.06
,79.06,-79.06
,79.06,-79.06
,79.06,-79.06
,79.06,-79.06
,79.06,-79.06
,79.501,-79.501
,80.33,-80.33
,80.33,-80.33
,80.33,-80.33
,80.33,-80.33
,80.33,-80.33
,80.33,-80.33
,80.048,-80.048
,80.42,-80.42
,80.56,-80.56
,80.56,-80.56
,80.56,-80.56
,80.56,-80.56
,80.56,-80.56
,80.521,-80.521
,80.46,-80.46
,80.47,-80.47
,80.47,-80.47
,80.47,-80.47
,80.47,-80.47
,80.47,-80.47
,80.4595,-80.4595
,80.485,-80.485
,80.5,-80.5
,80.5,-80.5
,80.5,-80.5
,80.5,-80.5
,80.5,-80.5
,80.49,-80.49
,80.604,-80.604
,80.73,-80.73
,80.73,-80.73
,80.73,-80.73
,80.73,-80.73
,80.73,-80.73
,80.73,-80.73
,80.522,-80.522
,80.62,-80.62
,80.62,-80.62
,80.62,-80.62
,80.62,-80.62
,80.62,-80.62
,80.62,-80.62
,80.529,-80.529
,80.156,-80.156
,80.12,-80.12
,80.12,-80.12
,80.12,-80.12
,80.12,-80.12
,80.12,-80.12
,80.1325,-80.1325
,80.293,-80.293
,80.23,-80.23
,80.23,-80.23
,80.23,-80.23
,80.23,-80.23
,80.23,-80.23
,80.23,-80.23
,80.2345,-80.2345
,79.93,-79.93
,79.93,-79.93
,79.93,-79.93
,79.93,-79.93
,79.93,-79.93
,79.93,-79.93
,79.854,-79.854
,79.62,-79.62
,79.62,-79.62
,79.62,-79.62
,79.62,-79.62
,79.62,-79.62
,79.62,-79.62
,79.161,-79.161
,78.12,-78.12
,78.12,-78.12
,78.12,-78.12
,78.12,-78.12
,78.12,-78.12
,78.12,-78.12
,78.1155,-78.1155
,77.354,-77.354
,77.17,-77.17
,77.17,-77.17
,77.17,-77.17
,77.17,-77.17
,77.17,-77.17
,77.17,-77.17
,77.5895,-77.5895
,77.56,-77.56
,77.56,-77.56
,77.56,-77.56
,77.56,-77.56
,77.56,-77.56
,77.56,-77.56
,77.156,-77.156
,76.92,-76.92
,76.92,-76.92
,76.92,-76.92
,76.92,-76.92
,76.92,-76.92
,76.92,-76.92
,76.8255,-76.8255
,75.38,-75.38
,75.38,-75.38
,75.38,-75.38
,75.38,-75.38
,75.38,-75.38
,75.38,-75.38
,75.38,-75.38
,74.3865,-74.3865
,73.87,-73.87
,72.65,-72.65
,72.65,-72.65
,72.65,-72.65
,72.65,-72.65
,72.65,-72.65
,72.65,-72.65
,72.65,-72.65
,72.65,-72.65
,72.65,-72.65
,72.65,-72.65
,72.65,-72.65
,72.65,-72.65
,72.65,-72.65